id,name,country,city,founded_year
1,Apple Inc.,United States,Cupertino,1976
2,Nokia,Finland,Espoo,1865
3,Microsoft,United States,Redmond,1975
4,Sinclair Research,United Kingdom,London,1973
5,The Walt Disney Company,United States,Burbank,1923
6,Nintendo,Japan,Kyoto,1889
7,Adobe,United States,San Jose,1982
8,Capcom,Japan,Chūō-ku,1979
9,Sun Microsystems,United States,Santa Clara,1982
10,International Organization for Standardization,Switzerland,Vernier,1947
11,Sony Interactive Entertainment,United States,Tokyo,1993
12,Cryo Interactive,France,Paris,1992
13,Xbox Game Studios,United States,Redmond,2000
14,1C Company,Russia,Moscow,1991
15,Linden Lab,United States,San Francisco,1999
16,Take-Two Interactive,United States,New York City,1993
17,2K,United States,Novato,2005
18,Silicon Knights,Canada,St. Catharines,1992
19,Q-Games,Japan,Kyoto,2001
20,Tiger Electronics,United States,Vernon Hills,1978
21,Nintendo Software Technology,United States,Redmond,1998
22,Warner Bros. Entertainment,United States,Burbank,1923
23,Silverball Studios,United Kingdom,Burford,2002
24,Turn 10 Studios,United States,Redmond,2001
25,Playground Games,United Kingdom,England,2009
26,Tripwire Interactive,United States,Roswell,2005
27,Epoch Co.,Japan,Taitō-ku,1958
28,2K Sports,United States,Novato,2005
29,Visual Concepts,United States,Novato,1988
30,Treco,Japan,Tokyo,2024
31,LG Group,South Korea,Seoul,1947
32,Mindware Studios,Czech Republic,Prague,2001
33,Midway Games,United States,Chicago,1988
34,Intelligent Systems,Japan,Kyoto,1986
35,Nickelodeon,United States,One Astor Plaza,1979
36,Playmobil,Germany,Zirndorf,1974
37,RedLynx,Finland,Helsinki,2000
38,Rowan Software,United Kingdom,Runcorn,1987
39,Koninklijke Philips NV,Netherlands,Amsterdam,1891
40,Nintendo Entertainment Analysis & Development,Japan,Kyoto,1983
41,Ubisoft Romania,Romania,Bucharest,1992
42,Electronic Arts,United States,Decatur,1982
43,Kemco,Japan,Hiroshima,1984
44,DTP entertainment,Germany,Hamburg,1995
45,Blizzard Entertainment,United States,Irvine,1991
46,American National Standards Institute,United States,"Washington, D.C.",1918
47,Nvidia,United States,Santa Clara,1993
48,Nival,Russia,Moscow,1996
49,Fujitsu,Japan,Shiodome City Center,1935
50,Texas Instruments,United States,Dallas,1930
51,NetEase,Cayman Islands,Hangzhou,1997
52,Zilog,United States,San Jose,1974
53,Pterodon,Czech Republic,Brno,1998
54,Zipper Interactive,United States,Redmond,1995
55,Réunion des musées nationaux – Grand Palais,France,Rue de Bercy,1885
56,Square Enix,Japan,Shinjuku,1975
57,Atari,United States,California,1972
58,Commodore International,United States,West Chester,1958
59,"2015, Inc.",United States,Tulsa,1997
60,Black Forest Games,Germany,Offenburg,2012
61,Viacom,United States,One Astor Plaza,2005
62,JVC,Japan,Yokohama,1927
63,Lucasfilm Games,United States,San Francisco,1982
64,Casio,Japan,Shibuya,1957
65,Bell Labs,United States,Murray Hill,1925
66,Paradox Interactive,Sweden,Stockholm,1999
67,NEC,Japan,Tokyo,1899
68,Maxis,United States,Emeryville,1987
69,Snail,People's Republic of China,Suzhou,2000
70,Celestica,Canada,Toronto,1994
71,3D Realms,United States,Garland,1994
72,Macromedia,United States,San Francisco,1992
73,4J Studios,United Kingdom,Dundee,2005
74,Digital Reality,United States,Budapest,1991
75,Appaloosa Interactive,United States,Palo Alto,1993
76,Türk Telekom,Turkey,Ankara,1995
77,Sunflowers Interactive Entertainment Software,Germany,Heusenstamm,1993
78,London Studio,United Kingdom,London,1993
79,"Humble Bundle, Inc.",United States,San Francisco,2010
80,Westwood Studios,United States,Las Vegas,1985
81,Intel,United States,Santa Clara,1968
82,Codemasters,United Kingdom,Warwickshire,1986
83,Sega Sports R&D,Japan,Japan,1994
84,Halo Studios,United States,Redmond,2009
85,Kalypso Media,Germany,Worms,2006
86,Wargaming Seattle,United States,Redmond,1897
87,2K Play,United States,Novato,2007
88,cdv Software Entertainment,Germany,Munich,1989
89,Pandemic Studios,United States,Los Angeles,1998
90,Hezbollah,Lebanon,Beirut,1982
91,Sony Group,Japan,Minato,1946
92,Konami,Japan,Tokyo,1969
93,Toshiba,Japan,Minato,1875
94,Sanyo,Japan,Osaka,1947
95,Sharp Corporation,Japan,Osaka,1912
96,Hitachi,Japan,Marunouchi,1910
97,Panasonic Holdings Corporation,Japan,Kadoma,1918
98,Oracle Corporation,United States,Austin,1977
99,Samsung Electronics,South Korea,Seoul,1969
100,5th Cell,United States,Bellevue,2003
101,Zynga,United States,San Francisco,2007
102,EA Mobile,United States,Los Angeles,2004
103,Argonaut Games,United Kingdom,Edgware,1982
104,PopTop Software,United States,St. Louis,1993
105,Acclaim Studios Austin,United States,Austin,1991
106,tri-Ace,Japan,Tokyo,1995
107,Kaos Studios,United States,New York City,2006
108,iQue,People's Republic of China,Suzhou,2002
109,Gameforge,Germany,Karlsruhe,2003
110,Sega AM2,Japan,Tokyo,1983
111,ASCII Corporation,Japan,Chiyoda,1977
112,Frontier Developments,United Kingdom,Cambridge,1994
113,FASA Studio,United States,Redmond,1995
114,Nebula Device,Germany,Berlin,2000
115,Enterbrain,Japan,Tokyo,2000
116,tri-Crescendo,Japan,Tokyo,1999
117,Namco,Japan,Tokyo,1955
118,Japan Studio,Japan,Tokyo,1993
119,Guerrilla Games,Netherlands,Amsterdam,2000
120,Access,Japan,Chiyoda,1979
121,Accolade,United States,San Jose,1984
122,Sega Wow,Japan,Ebisu,2003
123,Shiny Entertainment,United States,Newport Beach,1993
124,Acorn Computers,United Kingdom,Cambridge,1978
125,Activision Blizzard,United States,Santa Monica,2008
126,Legend Entertainment,United States,Chantilly,1989
127,Helixe,United States,Burlington,2000
128,Wargaming,Cyprus,Nicosia,1998
129,Incognito Entertainment,United States,Salt Lake City,1999
130,Adventure Soft,United Kingdom,Sutton Coldfield,1983
131,Treyarch,United States,Santa Monica,1996
132,Creative Assembly Sofia,Bulgaria,Sofia,2001
133,Bloober Team,Poland,Kraków,2008
134,Ageia,United States,Santa Clara,2002
135,Majesco Entertainment,United States,Edison,1986
136,Akella,Russia,Moscow,1993
137,Stardock,United States,Plymouth,1991
138,National Semiconductor,United States,Santa Clara,1959
139,Wistron,Taiwan,New Taipei City,2001
140,Replay Studios,Germany,Hamburg,2002
141,Cryptic Studios,United States,Los Gatos,2000
142,Synetic GmbH,Germany,Gütersloh,1996
143,Creative Technology,Singapore,Singapore,1981
144,Amstrad,United Kingdom,Brentwood,1968
145,Acquire,Japan,Tokyo,1994
146,Softmax,South Korea,South Korea,1994
147,NC,South Korea,Seoul,1997
148,Ntreev Soft,South Korea,Seongnam,2003
149,Gravity Corporation,South Korea,Seoul,2000
150,MAIET Entertainment,South Korea,Gangnam District,1998
151,WeMade Entertainment,South Korea,Seoul,2000
152,Pentavision,South Korea,Seoul,2004
153,Naver Corporation,South Korea,Seongnam,1999
154,Wizet,South Korea,Gangnam District,2001
155,Andamiro,South Korea,Seoul,1992
156,GoldStar,South Korea,Seoul,1958
157,ArenaNet,United States,Bellevue,2000
158,KOG Studios,South Korea,Daegu,2000
159,Webzen Games,South Korea,Bundang,2000
160,Touchstone Pictures,United States,Burbank,1984
161,Running with Scissors,United States,Tucson,1996
162,Ubisoft Toronto,Canada,Toronto,2009
163,Hasbro,United States,Pawtucket,1923
164,BlackBerry,Canada,Waterloo,1984
165,Mucky Foot Productions,United Kingdom,Guildford,1997
166,Bandai,Japan,Taitō-ku,1950
167,DR Studios,United Kingdom,Milton Keynes,1998
168,Creatures,Japan,Chiyoda,1995
169,Pony Canyon,Japan,Tokyo,1966
170,Nadeo,France,Paris,2000
171,Starz Entertainment,United States,Santa Monica,1997
172,Media Factory,Japan,Shibuya,1986
173,Amaze Entertainment,United States,Kirkland,1997
174,Beholder Kft.,Hungary,Budapest,1992
175,"Atari, Inc.",United States,New York City,1993
176,Retro Studios,United States,Austin,1998
177,Mighty Rocket Studio,France,Tourcoing,1999
178,PlayStation Studios,United States,San Mateo,2005
179,Unique Development Studios,Sweden,Norrköping,1993
180,Budcat Creations,United States,Iowa City,2000
181,Spellbound Entertainment,Germany,Offenburg,1994
182,Deep Silver,Germany,Planegg,2002
183,Plaion,Austria,Höfen,1994
184,Ankama,France,Roubaix,2001
185,Crypton Future Media,Japan,Sapporo,1995
186,Nexon,Japan,Tokyo,1994
187,Hasbro Interactive,United States,Beverly,1995
188,THQ,United States,California,1990
189,Illusion,Japan,Yokohama,2001
190,Tandy Corporation,United States,Fort Worth,1919
191,Mattel,United States,El Segundo,1945
192,Danger Close Games,United States,Los Angeles,1995
193,Big Huge Games,United States,Timonium,2000
194,Video System,Japan,Kyoto,1984
195,Ubisoft Kyiv,Ukraine,Kyiv,2008
196,n-Space,United States,Orlando,1994
197,Bullfrog Productions,United Kingdom,Guildford,1987
198,Creative Assembly,United Kingdom,Horsham,1987
199,Kuju Ltd.,United Kingdom,London,1998
200,Triumph Studios,Netherlands,Delft,1997
201,Irem,Japan,Hakusan,1974
202,Application Systems Heidelberg,Germany,Heidelberg,1985
203,EA Phenomic,Germany,Ingelheim am Rhein,1997
204,Blue Byte Mainz,Germany,Mainz,1995
205,Quantic Dream,France,Paris,1997
206,Minori,Japan,,2007
207,Team Silent,Japan,,1997
208,Red Entertainment,Japan,Tokyo,1976
209,Rainbow Arts,Germany,Düsseldorf,1984
210,Netmarble,South Korea,South Korea,2000
211,Yahoo! Korea,South Korea,Teheran-ro,1997
212,Interplay Entertainment,United States,Beverly Hills,1983
213,Obsidian Entertainment,United States,Irvine,2003
214,StormRegion,Hungary,Budapest,1997
215,Ascaron,Germany,Gütersloh,1991
216,Media Molecule,United Kingdom,Guildford,2006
217,Petroglyph Games,United States,Las Vegas,2003
218,Heavy Iron Studios,United States,Los Angeles,2005
219,Avalanche Software,United States,Salt Lake City,1995
220,STMicroelectronics,Netherlands,Plan-les-Ouates,1987
221,Rogue Entertainment,United States,Dallas,1994
222,Keen Games,Germany,Frankfurt,2005
223,Arkane Studios,France,Lyon,1999
224,Black Rock Studio,United Kingdom,Brighton,1998
225,InnoGames,Germany,Germany,2007
226,Level-5,Japan,Fukuoka,1998
227,Piranha Bytes,Germany,Essen,1997
228,Eidos Interactive,United Kingdom,London,1990
229,2D Boy,United States,San Francisco,2006
230,Cavedog Entertainment,United States,Bothell,1996
231,Bethesda Softworks,United States,Rockville,1986
232,Camelot Software Planning,Japan,Shinjuku,1994
233,Armor Games,United States,Irvine,2005
234,Gameloft,France,Paris,1999
235,Bigpoint GmbH,Germany,Hamburg,2002
236,JoWooD Entertainment,Austria,Rottenmann,1995
237,AGE,Japan,Minato,1995
238,Factor 5,Germany,Cologne,1987
239,Technical Group Laboratory,Japan,Osaka Prefecture,1984
240,International Games System,Taiwan,New Taipei City,1991
241,Naughty Dog,United States,Santa Monica,1984
242,DICE,Sweden,Stockholm,1992
243,Kalisto Entertainment,France,Bordeaux,1992
244,Bend Studio,United States,Bend,1994
245,Pseudo Interactive,Canada,Toronto,1995
246,Bungie,United States,Bellevue,1991
247,Aspyr,United States,Austin,1996
248,Square,Japan,Meguro,1986
249,Dimps,Japan,Osaka,2000
250,Black Isle Studios,United States,Orange County,1996
251,Irrational Games,United States,Boston,1997
252,EA Vancouver,Canada,Burnaby,1982
253,Atari SA,France,Paris,1983
254,Invictus Games,Hungary,Debrecen,2000
255,Broccoli,Japan,Tokyo,1994
256,Culture Brain,Japan,Tokyo,1980
257,Lionhead Studios,United Kingdom,Surrey,1996
258,Digital Chocolate,United States,San Mateo,2003
259,Red Storm Entertainment,United States,Cary,1996
260,Beenox,Canada,Quebec City,2000
261,Monster Games,United States,Northfield,1996
262,Chunsoft,Japan,Tokyo,1984
263,Game Freak,Japan,Setagaya,1989
264,Flagship Studios,United States,San Francisco,2003
265,Haemimont Games,Bulgaria,Sofia,1997
266,Bigbig Studios,United Kingdom,Leamington Spa,2001
267,Neowiz,South Korea,Seoul,1997
268,Asmik Ace Entertainment,Japan,Tokyo,1985
269,Humongous Entertainment,Russia,Bothell,1992
270,Black Hole Entertainment,Hungary,Budapest,2001
271,Bandai Namco Holdings,Japan,Tokyo,2005
272,Eat Sleep Play,United States,Salt Lake City,2007
273,Team Soho,United Kingdom,London,1994
274,Surreal Software,United States,Seattle,1995
275,Deck13 Interactive,Germany,Frankfurt,2001
276,Gainax,Japan,Musashino,1984
277,Alfa System,Japan,Kumamoto,1988
278,Koei,Japan,Yokohama,1978
279,Zellers,Canada,Brampton,1931
280,Ubisoft Shanghai,People's Republic of China,Shanghai,1996
281,Prototype,Japan,Chūō,2006
282,Front Wing,Japan,Chiyoda,2000
283,TDK,Japan,Minato,1935
284,Nacon,France,Fretin,1981
285,Kogado Studio,Japan,Tokyo,1916
286,Capcom Vancouver,Canada,Burnaby,2005
287,Core Design,United Kingdom,Derby,1988
288,EA Sports,United States,Burnaby,1991
289,Crytek UK,United Kingdom,Nottingham,1999
290,Egosoft,Germany,Würselen,1988
291,Giga,Japan,Japan,1993
292,Max Design,Austria,Schladming,1991
293,Toho,Japan,Toho Hibiya Building,1932
294,Blue Tongue Entertainment,Australia,Melbourne,1995
295,Bohemia Interactive,Czech Republic,Mníšek pod Brdy,1999
296,Netflix,United States,Los Gatos,1997
297,Monolith Productions,United States,Kirkland,1994
298,Leaf,Japan,Yodogawa-ku,1995
299,Mitchell Corporation,Japan,Tokyo,1960
300,Tactics,Japan,Japan,1997
301,Bright Future,Germany,Cologne,2006
302,Psikyo,Japan,Kyoto,1992
303,Lump of Sugar,Japan,Taitō-ku,2005
304,Rare Ltd.,United Kingdom,Twycross,1985
305,MicroProse,United States,Hunt Valley,1982
306,Santa Monica Studio,United States,Playa Vista,1999
307,Infinity Ward,United States,Woodland Hills,2002
308,National Alliance,United States,Hillsboro,1974
309,Frontier Works,Japan,Yayoichō,2002
310,Dragon Data,United Kingdom,Fforestfach,1982
311,Tencent,People's Republic of China,Maling,1998
312,Feral Interactive,United Kingdom,London,1997
313,Akabeisoft2,Japan,Japan,2005
314,Interchannel,Japan,Shinjuku,1987
315,Tale of Tales,Belgium,Ghent,2002
316,Battle of Hokuetsu,Japan,,2012
317,Bemani,Japan,,1997
318,Kandava,Latvia,,2012
319,Funcom,Norway,Oslo,1994
320,Sammy Corporation,Japan,Higashi-Ueno,1975
321,989 Studios,United States,Los Angeles,1995
322,Simtex,United States,Austin,1988
323,Crystal Dynamics,United States,Redwood City,1992
324,Sir-Tech,United States,Ogdensburg,1979
325,Team Ico,Japan,Japan,1997
326,Altar Games,Czech Republic,Brno,1997
327,Planet Moon Studios,United States,San Francisco,1997
328,Adeline Software International,France,Lyon,1992
329,Level 9 Computing,United Kingdom,Weston-super-Mare,1981
330,Ubisoft Reflections,United Kingdom,Newcastle upon Tyne,1984
331,Hello Games,United Kingdom,Guildford,2008
332,Coleco,United States,West Hartford,1932
333,SETA Corporation,Japan,Tokyo,1985
334,Jagex,United Kingdom,Cambridge,1999
335,Daybreak Game Company,United States,San Diego,1995
336,Firaxis Games,United States,Sparks,1996
337,Boss Game Studios,United States,Redmond,1994
338,Neversoft,United States,Woodland Hills,1994
339,Frog City Software,United States,San Francisco,1995
340,Monte Cristo,France,Paris,1995
341,ICOM Simulations,United States,Wheeling,1981
342,Firefly Studios,United Kingdom,London,1999
343,1-Up Studio,Japan,Tokyo,2000
344,Evolution Studios,United Kingdom,Runcorn,1999
345,Broderbund,United States,Novato,1980
346,Kronos Digital Entertainment,United States,Pasadena,1993
347,Fenris Creations,Iceland,Reykjavík,1997
348,cdp.pl,Poland,Warsaw,2012
349,Cing,Japan,Fukuoka,1999
350,DigiPen Institute of Technology,United States,Redmond,1988
351,Aquaplus,Japan,Yodogawa-ku,1994
352,Guerrilla Cambridge,United Kingdom,Cambridge,1997
353,Ubisoft Paris,France,Paris,1986
354,SNK,Japan,Yodogawa-ku,2001
355,The Learning Company,United States,San Francisco,1980
356,Circus,Japan,Hasuda,2000
357,Gearbox Software,United States,Frisco,1999
358,Hudson Soft,Japan,Minato,1973
359,Cauldron,Slovakia,Bratislava,1996
360,Polyphony Digital,Japan,Kōtō,1998
361,Type‐Moon,Japan,Taitō-ku,2003
362,Kadokawa Shoten,Japan,Chiyoda,1945
363,Taito,Japan,Shinjuku,1953
364,Nerve Software,United States,Richardson,1999
365,Riot Games,United States,Los Angeles,2006
366,Atari Games,United States,Milpitas,1984
367,The 3DO Company,United States,Redwood City,1991
368,Raven Software,United States,Madison,1990
369,The Lego Group,Denmark,Billund,1932
370,HAL Laboratory,Japan,Chiyoda,1980
371,Ion Storm,United States,Austin,1996
372,Success,Japan,Shinagawa,1978
373,Cinemaware,United States,Burlingame,1986
374,Nitroplus,Japan,Chiyoda,2000
375,High Moon Studios,United States,San Diego,2001
376,Climax Entertainment,Japan,Shinjuku,1990
377,ClockStone,Austria,Innsbruck,2006
378,Clover Studio,Japan,Japan,2004
379,Vivendi,France,Paris,1981
380,Mojang Studios,Sweden,Stockholm,2009
381,LightBox Interactive,United States,Austin,2009
382,Looking Glass Studios,United States,Cambridge,1990
383,Moonstone,Japan,Chūō-ku,2003
384,Milestone S.r.l.,Italy,Milan,1994
385,Wizards of the Coast,United States,Renton,1990
386,DreamCatcher Interactive,Canada,Toronto,1996
387,Take-Two Licensing,United States,California,2004
388,BlueSky Software,United States,California,1988
389,Flex Ltd.,United States,Singapore,1969
390,Sonic Team,Russia,Novosibirsk,2000
391,Insomniac Games,United States,Burbank,1994
392,Haier,People's Republic of China,Qingdao,1984
393,Delphine Software International,France,Paris,1988
394,Pyro Studios,Spain,Alcobendas,1996
395,Treasure,Japan,Nakano,1992
396,Grasshopper Manufacture,Japan,Chiyoda,1998
397,Rohm,Japan,Ukyō Ward,1958
398,Slightly Mad Studios,United Kingdom,London,2009
399,Origin Systems,United States,Austin,1983
400,Bandai Namco Entertainment,Japan,Tokyo,2006
401,Robot Entertainment,United States,Plano,2009
402,2K Marin,United States,Novato,2007
403,Gust Co. Ltd.,Japan,Yokohama,1993
404,Digital Extremes,Canada,London,1993
405,Disney Interactive Studios,United States,Glendale,1994
406,Philos Laboratories,Hungary,Budapest,1995
407,Monolith Soft Inc.,Japan,Tokyo,1999
408,Double Fine,United States,San Francisco,2000
409,San Diego Studio,United States,San Diego,2001
410,Grezzo,Japan,Shibuya,2006
411,Paramount Media Networks,United States,New York City,1984
412,Daedalic Entertainment,Germany,Hamburg,2007
413,Cinergi Pictures,United States,Santa Monica,1992
414,Dassault Systèmes,Australia,Vélizy-Villacoublay,1981
415,CD Projekt RED,Poland,Warsaw,2002
416,Data East,Japan,Oz,1976
417,Davilex Games,Netherlands,Veenendaal,1986
418,Navel,Japan,Japan,2003
419,The Pokémon Company,Japan,Roppongi Hills Mori Tower,1998
420,Twilight Frontier,Japan,,2004
421,Key,Japan,Osaka,1998
422,Nippon Ichi Software,Japan,Kakamigahara,1993
423,August,Japan,Japan,2001
424,Microsoft Research,United States,Redmond,1991
425,Cyan Worlds,United States,Wilmington,1987
426,Visual Arts,Japan,Naniwa-ku,1991
427,Strategic Simulations,United States,Sunnyvale,1979
428,Eagle Dynamics,Russia,Moscow,1991
429,Tarsier Studios,Sweden,Malmö,2004
430,Sora Ltd.,Japan,Tokyo,2005
431,Sledgehammer Games,United States,Foster City,2009
432,Sega Studios San Francisco,United States,San Francisco,1999
433,Tomy,Japan,Mustafa Abdul Jalil,1924
434,Ready at Dawn,United States,Irvine,2003
435,Enix,Japan,Tokyo,1975
436,Jaleco,Japan,Tokyo,1974
437,Epyx,United States,San Francisco,1978
438,Tokyo Electron,Japan,Akasaka,1963
439,Technōs Japan,Japan,Tokyo,1981
440,Runic Games,United States,Seattle,2008
441,N3V Games,Australia,Helensvale,1995
442,D3 Publisher,United States,Tokyo,1992
443,Banpresto,Japan,2005 San Marino Grand Prix,1977
444,Tokuma Shoten,Japan,Kami-Ōsaki,1954
445,Telltale Games,United States,San Rafael,2004
446,Team17,United Kingdom,Wakefield,1990
447,nStigate Games,United States,Marin County,1998
448,WMS Industries,United States,Chicago,1974
449,Ocean Software,United Kingdom,Manchester,1983
450,Spectrum HoloByte,United States,Alameda,1983
451,Tecmo,Japan,Chiyoda,1967
452,Indie Built,United States,Salt Lake City,1983
453,GSC Game World,Ukraine,Kyiv,1995
454,Frictional Games,Sweden,Helsingborg,2006
455,Freebird Games,Canada,Canada,2007
456,Sega Sammy Holdings,Japan,Tokyo,2004
457,Softdisk,United States,Shreveport,1981
458,THQ Nordic,Austria,Vienna,2011
459,Metropolis Software,Poland,Warsaw,1992
460,Quintet,Japan,Tama,1989
461,SCS Software,Czech Republic,Prague,1997
462,Funatics Software,Germany,Oberhausen,1998
463,Virgin Interactive,United Kingdom,London,1983
464,G.rev,Japan,Machida,2000
465,Game Arts,Japan,Chiyoda,1985
466,GarageGames,United States,Las Vegas,2000
467,Gathering of Developers,United States,Texas,1998
468,Genki,Japan,Nakano,1990
469,Reality Pump Studios,Poland,Bielsko-Biała,2003
470,Radical Entertainment,Canada,Vancouver,1991
471,System 3,United Kingdom,London,1981
472,Iron Lore Entertainment,United States,Boston,2000
473,Nexton,Japan,Osaka,1990
474,Rockstar New England,United States,Andover,1999
475,Troika Games,United States,Irvine,1998
476,Criterion Games,United Kingdom,Guildford,1993
477,Paon DP,Japan,Chūō,1999
478,Mindscape,United States,Novato,1983
479,Visceral Games,United States,Redwood City,1998
480,Sulake Corporation,Finland,Helsinki,2001
481,Koei Tecmo Holdings,Japan,Tokyo,2009
482,Mistwalker,United States,Japan,2004
483,Harman International Industries,United States,Stamford,1980
484,LSI Corporation,United States,Milpitas,1981
485,"Pendulo Studios, S.L.",Spain,Madrid,1994
486,Nichibutsu,Japan,Osaka,1970
487,UTV Ignition Games,United Kingdom,Essex,2002
488,Playmates Toys,People's Republic of China,Hong Kong,1966
489,Integrated Device Technology,United States,San Jose,1980
490,Introversion Software,United Kingdom,Walton-on-Thames,2001
491,Sanzaru Games,United States,California,2007
492,The Chinese Room,United Kingdom,Brighton,2007
493,KingsIsle Entertainment,United States,Austin,2005
494,Paradox France,France,Grenoble,2005
495,Splash Damage,United Kingdom,Bromley,2001
496,Massive Development,Germany,Mannheim,1994
497,Yuke's,Japan,Osaka,1993
498,U.S. Gold,United Kingdom,Birmingham,1984
499,SCE Studio Liverpool,United Kingdom,Liverpool,1984
500,Hidden Path Entertainment,United States,Bellevue,2006
501,Buka Entertainment,Russia,Moscow,1993
502,Totally Games,United States,San Rafael,1984
503,Gaijin Entertainment,Hungary,Budapest,2002
504,AlphaDream,Japan,Tokyo,2000
505,Bizarre Creations,United Kingdom,Liverpool,1994
506,Rockstar Toronto,Canada,Oakville,1980
507,Matrix Games,United Kingdom,Epsom,1999
508,Object Software,People's Republic of China,Beijing,1995
509,Evryware,United States,Olympia,1980
510,New World Computing,United States,Agoura Hills,1984
511,RS (Part of RS Group plc),United Kingdom,Corby,1937
512,Ritual Entertainment,United States,Dallas,1996
513,Hothouse Creations,United Kingdom,Bristol,1996
514,Stainless Games,United Kingdom,Newport,1993
515,Milestone,Japan,Suginami,2003
516,Loki Entertainment,United States,Tustin,1998
517,Simon & Schuster,United States,New York City,1924
518,Oddworld Inhabitants,United States,Berkeley,1994
519,Namco Tales Studio,Japan,Tokyo,1986
520,Ninja Theory,United Kingdom,Cambridge,2000
521,People Can Fly,Poland,Warsaw,2002
522,Hanako Games,United Kingdom,,2003
523,Mostek,United States,,1969
524,Tengen,United States,Milpitas,1987
525,Amanita Design,Czech Republic,Brno,2003
526,Frogwares,Ukraine,Dublin,2000
527,Spike,Japan,Tokyo,2005
528,Marvelous,Japan,Tokyo,2003
529,CI Games S.A.,Poland,Warsaw,2002
530,Renegade Kid,United States,Austin,2007
531,EA Montreal,Canada,Montreal,2004
532,skip Ltd.,Japan,Shibuya,2000
533,Sports Interactive,United Kingdom,London,1994
534,Traveller's Tales,United Kingdom,Knutsford,1989
535,Neverland,Japan,Tokyo,1993
536,Vatra Games,Czech Republic,Brno,2009
537,Kairosoft,Japan,Nishi-Shinjuku,2007
538,Sumo Digital,United Kingdom,Sheffield,2003
539,Harmonix Music Systems,United States,Cambridge,1995
540,Kaneko,Japan,Mitaka,1980
541,Jupiter,Japan,Kyoto,1992
542,Arc System Works,Japan,Yokohama,1988
543,High Voltage Software,United States,Chicago,1993
544,Strategy First,United Kingdom,Montreal,1988
545,Nintendo Research & Development 1,Japan,Japan,1970
546,ADK,Japan,Ageo,1980
547,Eugen Systems,France,Paris,2000
548,5pb. Inc.,Japan,Shibuya,2005
549,Love-de-Lic,Japan,,1995
550,EA Sports Big,United States,,2000
551,Sacnoth,Japan,,1997
552,Spark Unlimited,United States,Los Angeles,2002
553,World Forge,Russia,Voronezh,2004
554,Rockstar Vancouver,Canada,Vancouver,1998
555,Enlight Software,Hong Kong,Hong Kong,1993
556,Rebellion Developments,United Kingdom,Oxford,1992
557,G-Collections,United States,Las Vegas,2001
558,Takumi Corporation,Japan,Shinjuku,1994
559,Future Games,Czech Republic,Prague,1996
560,Nintendo Software Planning & Development,Japan,Kyoto,2003
561,Revolution Software,United Kingdom,York,1990
562,SimBin,Sweden,Vara,2003
563,Grin,Sweden,Stockholm,1997
564,Terminal Reality,United States,Lewisville,1994
565,505 Games,Italy,Milan,2006
566,JAST USA,United States,San Diego,1997
567,Ganbarion,Japan,Fukuoka Prefecture,1999
568,4A Games,Malta,Sliema,2006
569,ACE Team,Chile,Santiago,2002
570,The Sims Studio,United States,Redwood City,2006
571,Rockstar London,United Kingdom,London,2005
572,PlayFirst,United States,San Francisco,2004
573,Egmont International Holding,Denmark,Copenhagen,1878
574,Lankhor,France,Clamart,1987
575,Triangle Studios,Netherlands,Leeuwarden,2005
576,WB Games Boston,United States,Westwood,1994
577,NeocoreGames,Hungary,Budapest,2005
578,Quicksilva,United Kingdom,Southampton,1980
579,Toys for Bob,United States,Novato,1989
580,Resistance Records,Canada,Lufkin,1993
581,Joymax,South Korea,Seoul,1997
582,Wanadoo,France,Issy-les-Moulineaux,1995
583,Roseverte,Japan,Japan,2015
584,Ice-Pick Lodge,Russia,Moscow,2002
585,Tose Co.,Japan,Kyoto,1979
586,Gremlin Interactive,United Kingdom,Sheffield,1984
587,TalonSoft,United States,Baltimore,1995
588,Seibu Kaihatsu,Japan,Tokyo,1982
589,Toaplan,Japan,Tokyo,1984
590,Clickteam,France,Paris,1993
591,Softgold Computerspiele,Germany,Kaarst,1986
592,Sun Corporation,Japan,Kōnan-shi,1978
593,Starbreeze Studios,Sweden,Stockholm,1998
594,Impressions Games,United Kingdom,Cambridge,1989
595,Titus Interactive,France,Lagny-sur-Marne,1985
596,Rocksteady Studios,United Kingdom,London,2004
597,Spieleentwicklungskombinat,Germany,Berlin,1998
598,Naked Sky Entertainment,United States,Los Angeles,2002
599,Warner Bros. Games,United States,Burbank,1993
600,HB Studios,Canada,Lunenburg,2000
601,Flight-Plan,Japan,Gifu,1989
602,Croteam,Croatia,Zagreb,1993
603,Stormfront Studios,United States,San Rafael,1989
604,TaleWorlds,Turkey,Ankara,2005
605,Cyanide,France,Paris,2000
606,Aackosoft,Netherlands,Leiderdorp,1983
607,Spicy Horse,People's Republic of China,Shanghai,2007
608,Best Way,Ukraine,Siverskodonetsk,1991
609,Thinking Rabbit,Japan,Japan,1982
610,Human Head Studios,United States,Madison,1997
611,Shaba Games,United States,San Francisco,1997
612,Human Entertainment,Japan,Japan,1999
613,Vicious Cycle Software,United States,Morrisville,2000
614,Eurocom,United Kingdom,Derby,1988
615,Slant Six Games,Canada,Vancouver,2005
616,FromSoftware,Japan,Tokyo,1986
617,Frozenbyte,Finland,Helsinki,2001
618,Mythos Games,United Kingdom,Harlow,1988
619,Tradewest,United States,Corsicana,1986
620,The Adventure Company,Canada,Canada,2002
621,Glu Mobile,United States,San Francisco,2005
622,Krome Studios Melbourne,Australia,Melbourne,1977
623,Alchemist,Japan,Tokyo,1991
624,Blizzard North,United States,San Mateo,1993
625,Saber Interactive,United States,Saint Petersburg,2001
626,Media Blasters,United States,New York City,1997
627,indieszero,Japan,Musashino,1997
628,Zono,United States,Costa Mesa,1991
629,Ultra Games,United States,Buffalo Grove,1988
630,CAVE,Japan,Meguro,1994
631,Eighting,Japan,Shinagawa,1993
632,Vanillaware,Japan,Osaka,2002
633,Tokai Communications,Japan,Shizuoka,1977
634,RedOctane,United States,Mountain View,1999
635,MacSoft Games,United States,Plymouth,1993
636,Her Interactive,United States,Bellevue,1995
637,Snowblind Studios,United States,Kirkland,1997
638,Playdead,Denmark,Copenhagen,2006
639,Holistic Design,United States,Stone Mountain,1992
640,Iceberg Interactive,Netherlands,Haarlem,2009
641,Imageepoch,Japan,Tokyo,2005
642,Incinerator Studios,United States,Carlsbad,2005
643,Telenet Japan,Japan,Tokyo,1983
644,Coffee Stain Studios,Sweden,Skövde,2010
645,Klei Entertainment,Canada,Vancouver,2005
646,Junction Point Studios,United States,Austin,2005
647,Just Add Water,United Kingdom,Otley,2006
648,Liquid Entertainment,United States,Pasadena,1999
649,Boffo Games,United States,,1994
650,Atlantis Interactive Entertainment,France,,2003
651,Superscape,United Kingdom,,1983
652,Entertainment Software Publishing,Japan,,1997
653,Interactive Magic,United States,,1994
654,Full Fat,United Kingdom,Coventry,1996
655,Choice Provisions,United States,Santa Cruz,2007
656,Cavia,Japan,Meguro,2000
657,Red Orb Entertainment,United States,Novato,1997
658,Two Tribes,Netherlands,Amersfoort,2000
659,Aksys Games,United States,Torrance,2006
660,Amusement Vision,Japan,Ota,2000
661,Griptonite Games,United States,Kirkland,1994
662,Avalanche Studios Group,Sweden,Stockholm,2003
663,Vigil Games,United States,Austin,2005
664,Double Helix Games,United States,Irvine,2007
665,EA Orlando,United States,Orlando,1994
666,Nintendo Research & Development 2,Japan,Japan,1970
667,Rising Star Games,United Kingdom,Hitchin,2004
668,NetherRealm Studios,United States,Chicago,2010
669,Aeria Games,United States,Berlin,2006
670,h.a.n.d.,Japan,Sapporo,1993
671,inXile entertainment,United States,Newport Beach,2002
672,Empire Interactive,United Kingdom,London,1987
673,Next Level Games,Canada,Vancouver,2002
674,Paradigm Entertainment,United States,Farmers Branch,1997
675,Media.Vision,Japan,Kōtō,1993
676,Firebird Software,United Kingdom,London,1984
677,NanaOn-Sha,Japan,Tokyo,1993
678,Edge of Reality,United States,Austin,1988
679,CipSoft GmbH,Germany,Regensburg,2003
680,Team Ninja,Japan,Tokyo,1995
681,Genius Sonority,Japan,Chūō,2002
682,Softnyx,South Korea,Geumcheon District,2001
683,Victor Interactive Software,Japan,Shibuya,1996
684,Ubisoft Milan,Italy,Milan,1998
685,1st Playable Productions,United States,Troy,2005
686,Access Games,Japan,Osaka,1996
687,Acclaim Studios London,United Kingdom,Croydon,1984
688,Agenda,Japan,Sapporo,1990
689,Anuman,France,Montreuil,2000
690,Apogee Software,United States,Garland,2015
691,Arika,Japan,Tokyo,1995
692,Artdink,Japan,Tokyo,1986
693,Artefacts Studio,France,Lyon,1994
694,Artoon,Japan,Yokohama,1999
695,Arxel Tribe,Slovenia,Slovenia,1990
696,Asobo Studio,France,Bordeaux,2002
697,BHV,Germany,Büttgen,2006
698,Big Ape Productions,United States,Novato,1997
699,Vanpool,Japan,Tokyo,1999
700,BreakAway Games,United States,Hunt Valley,1998
701,DC Comics,United States,Manhattan,1977
702,Camerica,Canada,Ontario,1988
703,Capybara Games,Canada,Toronto,2003
704,Cat Daddy Games,United States,Bellevue,1996
705,Zombie Studios,United States,New-York Tribune,1994
706,Sting,Japan,Tokyo,1989
707,Mythic Entertainment,United States,Fairfax,1995
708,Idea Factory,Japan,Shibuya,1994
709,Tectoy,Brazil,São Paulo,1987
710,Matrix Software,Japan,Shinjuku,1994
711,Garena,Indonesia,Singapore,2009
712,Cranberry Production,Germany,Hanover,1997
713,Crave Entertainment,United States,Newport Beach,1997
714,CyberStep Holdings,Japan,Suginami,2000
715,CyberConnect2,Japan,Fukuoka,1996
716,Cyberflix,United States,Knoxville,1993
717,Cyberlore Studios,United States,Northampton,1992
718,Darkworks,France,Paris,1998
719,Unknown Worlds Entertainment,United States,San Francisco,2001
720,Propaganda Games,Canada,Vancouver,2005
721,Stainless Steel Studios,United States,Cambridge,1997
722,Digital Image Design,United Kingdom,Runcorn,1989
723,Takara,Japan,Tokyo,1955
724,Don’t Nod,France,Paris,2008
725,Double Eleven,United Kingdom,Middlesbrough,2009
726,DreamForge Intertainment,United States,Greensburg,1990
727,DreamFactory,Japan,Tokyo,1995
728,The Behemoth,United States,San Diego,2003
729,ERE Informatique,France,Vallauris,1983
730,Good-Feel,Japan,Kobe,2005
731,Elixir Studios,United Kingdom,London,1998
732,Tilted Mill Entertainment,United States,Framingham,2001
733,Omega Force,Japan,Ashikaga,1996
734,Engine Software,Netherlands,Doetinchem,1995
735,Eversim,France,Lognes,2004
736,Heartbeat,Japan,Japan,1992
737,Flagship,Japan,Chūō-ku,1997
738,Bilibili,People's Republic of China,Yangpu District,2009
739,Ubisoft Leamington,United Kingdom,Leamington Spa,2002
740,Game Republic,Japan,Tokyo,2003
741,Infinity Plus Two,Australia,St Kilda,1989
742,Kaga Create,Japan,Chiyoda,1988
743,Katauri Interactive,Russia,Kaliningrad,2004
744,KnowWonder,United States,Washington,1996
745,Larian Studios,Belgium,Ghent,1996
746,Lesta Games,Russia,Saint Petersburg,1991
747,Micro Forté,Australia,Canberra,1985
748,NaturalMotion,United Kingdom,London,2001
749,Oberon Media,United States,New York City,2003
750,Phantomery Interactive,Russia,Saint Petersburg,2006
751,"Point of View, Inc.",United States,Irvine,1996
752,PQube,United Kingdom,United Kingdom,2017
753,Prope,Japan,Tokyo,2006
754,Reflexive Entertainment,United States,Lake Forest,1997
755,Targem Games,Russia,Yekaterinburg,2002
756,The Farm 51,Poland,Gliwice,2005
757,TopWare Interactive,Germany,Karlsruhe,1995
758,Triangle Service,Japan,Japan,2003
759,Electronic Arts Victor,Japan,,1990
760,The Fighter Collection,United Kingdom,,2008
761,Atarisoft,United States,,1983
762,Strangelite,United Kingdom,,2005
763,EA Bright Light,United Kingdom,Guildford,1995
764,Headup Games,Germany,Düren,2009
765,Lobotomy Software,United States,Redmond,1993
766,Loriciels,France,France,1983
767,MacPlay,United States,Dallas,1990
768,Magenta Software,United Kingdom,Liverpool,1994
769,Malfador Machinations,United States,Santa Rosa,1995
770,Bethesda Game Studios,United States,Rockville,2001
771,Altron,Japan,Tokyo,1983
772,"Micro Application, S.A.",France,Fresnes,1981
773,Millennium Interactive,United Kingdom,Cambridge,1988
774,Mirrorsoft,United Kingdom,London,1982
775,S2 Games,United States,Kalamazoo,2003
776,Motion Twin,France,Bordeaux,2001
777,Dinamic Multimedia,Spain,Pozuelo de Alarcón,1993
778,Nintendo Cube,Japan,Chūō,2000
779,Neko Entertainment,http://www.wikidata.org/.well-known/genid/8992bf056495ee9af96509a53875af72,Paris,1999
780,Neutron Games,Germany,Berlin,2007
781,Disney Online Studios Canada,Canada,Kelowna,2000
782,Nobilis,France,Limonest,2001
783,Noise Factory,Japan,Osaka,1998
784,PAM Development,France,Paris,1997
785,Perfect Entertainment,United Kingdom,London,1991
786,Presto Studios,United States,Encinitas,1991
787,Q Entertainment,Japan,Tokyo,2003
788,Quicksilver Software,United States,Irvine,1984
789,Realtime Worlds,United Kingdom,Dundee,2002
790,Innerloop Studios,Norway,Oslo,1996
791,Romstar,United States,Torrance,1984
792,Shin'en Multimedia,Germany,Munich,1999
793,Sidhe,New Zealand,Wellington,1997
794,SingleTrac,United States,Salt Lake City,1995
795,SouthPeak Games,United States,Midlothian,1996
796,Studio 33,United Kingdom,Liverpool,1998
797,Sunstorm Interactive,United States,Indianapolis,1995
798,Rainbow Studios,United States,Phoenix,1996
799,TNX,Japan,Takanawa,2006
800,Koei Tecmo Games,Japan,Yokohama,2011
801,Krisalis Software,United Kingdom,London,1987
802,The Digital Village,United Kingdom,Covent Garden,1994
803,Development Studio,Sweden,Stockholm,1995
804,Ubisoft Annecy,France,Annecy,1996
805,Ubisoft Quebec,Canada,Quebec City,2005
806,United Front Games,Canada,Vancouver,2007
807,ZeniMax Online Studios,United States,Hunt Valley,2007
808,Vivid Image,United Kingdom,London,1988
809,WayForward Technologies,United States,Valencia,1990
810,Wisdom Tree,United States,Tucson,1991
811,Wizarbox,France,Sèvres,2003
812,Wolfire Games,United States,San Francisco Bay Area,2003
813,Working Designs,United States,Redding,1986
814,Étranges Libellules,France,Lyon,1994
815,ALcot,Japan,Japan,2003
816,Acclaim Studios Teesside,United Kingdom,Teesside,1988
817,Agetec,United States,Sunnyvale,1998
818,Atari Corporation,United States,Sunnyvale,1984
819,Black Ops Entertainment,United States,Santa Monica,1994
820,Blue Fang Games,United States,Waltham,1998
821,Capstone Software,United States,Miami,1984
822,FX Interactive,Spain,Madrid,1999
823,Image Space Incorporated,United States,Ann Arbor,1992
824,Firemonkeys Studios,Australia,Melbourne,1999
825,GTE,United States,Stamford,1918
826,Syn Sophia,Japan,Tokyo,1995
827,Winning Entertainment Group,Japan,Shinjuku,1987
828,feelplus,Japan,Tokyo,1992
829,Imagineer,Japan,Tokyo,1986
830,Image Works,United Kingdom,United Kingdom,1988
831,IntraCorp,United States,Miami,1984
832,Krome Studios,Australia,Fortitude Valley,1999
833,Stellar Stone,United States,Santa Monica,2000
834,NewTek,United States,San Antonio,1985
835,Nintendo System Development,Japan,Kyoto,1997
836,Silver Style Entertainment,Germany,Berlin,1993
837,Slitherine Software UK Limited,United Kingdom,Epsom,2000
838,Whoopee Camp,Japan,Osaka,1997
839,Action Forms,Ukraine,Kyiv,1995
840,Airtight Games,United States,Redmond,2004
841,Alawar Entertainment,Russia,Novosibirsk,1999
842,AlternativaPlatform,Russia,Russia,2006
843,Apeiron,Russia,Saint Petersburg,2002
844,Krafton,South Korea,Seongnam,2007
845,Burut CT,Russia,Voronezh,2014
846,Deep Shadows,Ukraine,Kyiv,2001
847,Dejobaan Games,United States,Boston,1999
848,Denton Designs,United Kingdom,Liverpool,1984
849,Gamecock Media Group,United States,Austin,2007
850,Ghostlight,United Kingdom,Braintree,2004
851,GlyphX,United States,United States,2006
852,Shanda,People's Republic of China,Shanghai Free-Trade Zone,1999
853,Good Science Studio,United States,Redmond,2009
854,Graphic State Games,United Kingdom,Warwickshire,2000
855,Groove Games,Canada,Toronto,2001
856,GungHo Online Entertainment,Japan,Chiyoda,1998
857,Haikuo Soft,Japan,Osaka,2001
858,HexaDrive,Japan,Osaka,2007
859,Hi-Rez Studios,United States,Alpharetta,2005
860,Himalaya Studios,United States,Chandler,2014
861,Nimble Giant Entertainment,Argentina,Buenos Aires,2002
862,Deep Silver Vienna,Austria,Vienna,2007
863,HotGen,United Kingdom,Croydon,1999
864,Hot B,Japan,Tokyo,1983
865,HuneX,Japan,Japan,1992
866,iNiS,Japan,Naka-Meguro,1997
867,MangaGamer,Japan,,2008
868,Bauhaus Entertainment,Japan,,2011
869,Bottlerocket Entertainment,United States,,2010
870,ClickBoom,Canada,,1994
871,Cooking Mama Limited,Japan,,2006
872,Crate Entertainment,United States,,2008
873,Data Design Interactive,United Kingdom,,1983
874,Heliotrope Studios,United States,,1997
875,Heuristic Park,United States,,1995
876,Ubisoft Casablanca,Morocco,Casablanca,1998
877,Ubisoft Chengdu,People's Republic of China,Chengdu,2007
878,Umbra Software,Finland,Helsinki,2007
879,XPEC Entertainment,Taiwan,Taipei,2000
880,Zepetto,South Korea,Seoul,2003
881,ZeptoLab,United Kingdom,London,2010
882,Zoetrope Interactive,Turkey,Istanbul,2005
883,TT Games,United Kingdom,Maidenhead,2005
884,Ambrella,Japan,Tokyo,1996
885,Eutechnyx,United Kingdom,Gateshead,1987
886,Noviy Disk,Russia,Moscow,1997
887,Pipeworks Software,United States,Eugene,1999
888,Russobit-M,Russia,Russia,1999
889,Softclub,Russia,Moscow,1994
890,Central Partnership,Russia,Moscow,1995
891,38 Studios,United States,Providence,2006
892,8-4,Japan,Shibuya,2005
893,Actual Entertainment,United States,Sunnyvale,1996
894,Aicom,Japan,Japan,1988
895,Robinson Technologies,Japan,Hiroshima,1989
896,Project Siren,Japan,Tokyo,2004
897,Amsoft,United Kingdom,Brentwood,1984
898,Anchor Inc.,Japan,Tokyo,1996
899,Artech Digital Entertainment,Canada,Ottawa,1982
900,Artic Software,United Kingdom,Brandesburton,2022
901,Arzest,Japan,Yokohama,2010
902,11 Bit Studios,Poland,Warsaw,2010
903,Asphere Innovations,Thailand,Bangkok,2001
904,Aspect,Japan,Toshima,1991
905,Atomic Games,United States,Minneapolis,1989
906,Autumn Games,United States,New York City,2007
907,Avalon Interactive,United Kingdom,London,2003
908,Babaroga,United States,Chicago,2002
909,Playlogic Entertainment,Netherlands,Amsterdam,2002
910,Bergsala Lightweight,Japan,Tokyo,1995
911,Torus Games,Australia,Bayswater,1994
912,Racjin,Japan,Yodogawa-ku,1995
913,The Coalition,Canada,Vancouver,2010
914,Blendo Games,United States,Los Angeles,2010
915,Blitz Games Studios,United Kingdom,Leamington Spa,1990
916,Blitz Games,United Kingdom,Warwickshire,1990
917,Blue Omega,United States,Annapolis,2003
918,Blueside,South Korea,Seoul,2003
919,Bossa Studios,United Kingdom,London,2010
920,Career Soft,Japan,Japan,1996
921,TT Fusion,United Kingdom,Wilmslow,2006
922,Changyou,People's Republic of China,Beijing,2007
923,Codeminion,Poland,Warsaw,2004
924,Conspiracy Entertainment,United States,Long Beach,1997
925,Contrail,Japan,Tokyo,1997
926,Copenhagen Game Collective,Denmark,Copenhagen,2014
927,Cyclone Studios,United States,San Mateo,1993
928,Cypronia,Slovakia,Slovakia,1996
929,Dark Energy Digital,United Kingdom,Manchester,1998
930,Deadline Games,Denmark,Copenhagen,1996
931,Devolver Digital,United States,Austin,2009
932,Digital Jesters,United Kingdom,Welwyn Garden City,2003
933,DoubleBear Productions,United States,Seattle,2009
934,E Frontier,Japan,Tokyo,1999
935,Ecole Software,Japan,Hyōgo Prefecture,1989
936,Eidos Montreal,Canada,Montreal,2007
937,EigoMANGA,United States,San Francisco,2000
938,Electro Brain,United States,Salt Lake City,1990
939,DMM.com,Japan,Tokyo,1999
940,GMO Gamepot,Japan,Tokyo,2001
941,Empty Clip Studios,United States,San Diego,2007
942,Entex Industries,United States,United States,1970
943,Eolith,South Korea,Gangnam District,1996
944,Eon Digital Entertainment,United Kingdom,London,2000
945,Exakt Entertainment,United States,Los Angeles,1999
946,Eyedentity Games,South Korea,Seoul,2007
947,Fabtek,United States,Bellevue,1987
948,Fatshark,Sweden,Stockholm,2008
949,Firebrand Games,United Kingdom,Glasgow,2006
950,First Star Software,United States,New York City,1982
951,Flying Shine,Japan,Tokyo,1995
952,G-Mode,Japan,Tokyo,2000
953,Good Shepherd Entertainment,Netherlands,Amsterdam,2011
954,GameMill Publishing,United States,Edina,2001
955,GameTek,United States,North Miami Beach,1987
956,Illwinter Game Design,Sweden,Lund,2001
957,Imangi Studios,United States,Raleigh,2008
958,Sony,Japan,Sony City,2001
959,Industrial Toys,United States,Los Angeles,2012
960,Intelligent Games,United Kingdom,London,1988
961,Iron Galaxy Studios,United States,Chicago,2008
962,Punchline,Japan,Musashino,2002
963,Javaground,United States,Irvine,2001
964,Jorudan,Japan,Shinjuku,1979
965,KAZe,Japan,Tokyo,1987
966,Kot-in-Action Creative Artel,United States,Del Rio,2008
967,Kylotonn,France,Paris,2002
968,LK Avalon,Poland,Świlcza,1989
969,Level Up! Games,Brazil,Philippines,2002
970,Lighthouse Interactive,Netherlands,Haarlem,2005
971,M2,Japan,Chiba,1991
972,MTO,Japan,Yokohama,1996
973,Macmillan Inc.,United States,New York City,1896
974,Madfinger Games,Czech Republic,Brno,2010
975,Marvelous Entertainment,Japan,Shibuya,1997
976,Nippon Computer Systems,Japan,Tokyo,1980
977,Mastiff,United States,Tokyo,2002
978,Maximum Games,United States,Walnut Creek,2009
979,Mega Enterprise,Korea,Yeongdeungpo District,1998
980,Metro3D,United States,San Jose,1998
981,Microdeal,United Kingdom,St Austell,2021
982,Midway Austin,United States,Austin,2000
983,Midway Studios – Los Angeles,United States,San Diego,1994
984,Midway Studios – Newcastle,United Kingdom,Gateshead,1996
985,Movic,Japan,Tokyo,1983
986,NetDevil,United States,Louisville,1997
987,Newark Corporation,United States,Chicago,1934
988,Nicalis,United States,Santa Ana,2007
989,Nintendo Australia,Australia,Melbourne,1994
990,Noise,Japan,Kanagawa Prefecture,1996
991,Now Production,Japan,Osaka,1986
992,CD Projekt,Poland,Warsaw,1994
993,Orbital Media,Canada,Calgary,2006
994,Outfit7,Slovenia,Slovenia,2009
995,Overkill Software,Sweden,Stockholm,2009
996,Panic,United States,Oregon,2018
997,Papaya Studio,United States,Irvine,1999
998,Peach Princess,United States,San Diego,2006
999,Personal Software Services,United Kingdom,Coventry,1981
1000,Polygon Magic,Japan,Akihabara,1996
1001,Pulltop,Japan,Japan,2002
1002,RFX Interactive,France,Nanterre,1998
1003,Dovetail Games,United Kingdom,Chatham,2008
1004,Ratloop,United States,Houston,2016
1005,Realmforge Studios,Germany,Munich,2008
1006,Realtime Associates,United States,El Segundo,1986
1007,Red 5 Studios,United States,Irvine,2005
1008,Redtribe,Australia,Melbourne,2003
1009,Reto-Moto,Denmark,Copenhagen,2008
1010,Rewolf Software,United States,Salt Lake City,1996
1011,Riverhillsoft,Japan,Fukuoka,1982
1012,Robosoft Technologies,India,Udupi,1996
1013,Rocket Science Games,United States,San Francisco,1993
1014,Ronimo Games,Netherlands,Utrecht,2007
1015,Runecraft,United Kingdom,Dewsbury,1997
1016,Runewaker Entertainment,Taiwan,Taichung,2004
1017,SG Interactive,Canada,Toronto,2004
1018,Sandlot,Japan,Suginami,2001
1019,Savage Entertainment,United States,Los Angeles,1997
1020,Sculptured Software,United States,Salt Lake City,1984
1021,SegaSoft,United States,Redwood City,1995
1022,Sega Racing Studio,United Kingdom,Solihull,2005
1023,Tango Gameworks,Japan,Shibaura,2010
1024,Shrapnel Games,United States,Wilmington,1999
1025,Silicon Studio,Japan,Tokyo,1999
1026,Ska Studios,United States,Mill Creek,2001
1027,Skybound Entertainment,United States,Beverly Hills,1992
1028,Skygoblin,Sweden,Sweden,2005
1029,Smoking Car Productions,United States,San Francisco,1993
1030,Sobee,Turkey,Istanbul,2000
1031,Software Creations,United Kingdom,Manchester,1985
1032,Sold-Out Software,United Kingdom,London,1997
1033,Sony Pictures Digital,United States,Culver City,1997
1034,Southend Interactive,Sweden,Malmö,2010
1035,Spike Chunsoft,Japan,Shinagawa,2012
1036,Star Vault,Sweden,Malmö,2015
1037,Streum On Studio,France,Nogent-sur-Marne,2007
1038,Studio Gigante,United States,Chicago,2000
1039,SuperVillain Studios,United States,Irvine,2004
1040,Supergiant Games,United States,San Jose,2009
1041,Superior Software,United Kingdom,Leeds,1982
1042,Supersonic Software,United Kingdom,Leamington Spa,1989
1043,System Sacom,Japan,Tokyo,1981
1044,THQ Digital Studios UK,United Kingdom,Warrington,2003
1045,Takuyo,Japan,Yokosuka,1991
1046,Tamsoft,Japan,Asakusa,1992
1047,Tantalus Media,Australia,Melbourne,1994
1048,Technopop,United States,California,1990
1049,Makura,Japan,,2005
1050,Positech Games,United Kingdom,,1997
1051,JAM Productions,United States,,1993
1052,K2 Network,United States,,2010
1053,Watanabe Seisakujo,Japan,,2002
1054,Locomotive Games,United States,,1997
1055,MGM Interactive,United States,,1998
1056,Meldac,Japan,,1990
1057,Micronics,Japan,,2024
1058,Midas Interactive Entertainment,United Kingdom,,1998
1059,Nunchuck Games,United States,,2006
1060,Purple software,Japan,,1998
1061,Realtime Games Software,United Kingdom,,2020
1062,Redwood Games,United States,,2015
1063,Shockwave,United States,,2006
1064,Terraglyph Interactive Studios,United States,,1994
1065,Land Ho!,Japan,Ota,1999
1066,"NEC Home Electronics, Ltd.",Japan,Tokyo,1953
1067,Kadokawa Games,Japan,Chiyoda,2009
1068,Cenega Czech,Czech Republic,Prague,1996
1069,Mirage Media S.C.,Poland,Warsaw,2002
1070,Play-It,Poland,Bielsko-Biała,1999
1071,Dreadlocks Ltd,Czech Republic,Prague,2011
1072,Keen Software House,Czech Republic,Prague,2010
1073,Creoteam,Ukraine,Kyiv,2005
1074,Rake in Grass,Czech Republic,Prague,2000
1075,Neople,South Korea,Jeju Province,2001
1076,devCAT Studio,South Korea,Bundang,2004
1077,RHAON,South Korea,South Korea,2000
1078,Smilegate,South Korea,Seongnam,2002
1079,XLGames,South Korea,Seongnam,2003
1080,The Game Designers Studio,Japan,,1999
1081,Vision Park,Sweden,,2001
1082,âge,Japan,,1998
1083,Feng,Japan,,2023
1084,Headlock,Japan,,1999
1085,Aria,Japan,,2006
1086,ASa Project,Japan,,2007
1087,Active Soft,Japan,,2006
1088,Kiss,Japan,,2019
1089,Lass,Japan,,2003
1090,Nigoro,Japan,,2007
1091,NMK,Japan,,1985
1092,sprite,Japan,,2020
1093,Tennenouji,Japan,,2018
1094,Otomate,Japan,,2007
1095,Tsukada Original,Japan,,2021
1096,Hyde,Japan,,2002
1097,Liar-soft,Japan,,2016
1098,Rain Entertainment,Japan,,2014
1099,The Assembly Line,United Kingdom,United Kingdom,1989
1100,The Collective,United States,Newport Beach,1997
1101,The Software Refinery,United Kingdom,United Kingdom,1993
1102,Tommo Inc.,United States,Pomona,1989
1103,Findev,Canada,Toronto,2001
1104,Transmission Games,Australia,Melbourne,1996
1105,Chromatic Games,United States,Gainesville,2009
1106,Tribute Games,Canada,Montreal,2011
1107,Trion Worlds,United States,Redwood City,2005
1108,Typhoon Games,People's Republic of China,Hong Kong,2001
1109,UFO Interactive Games,United States,City of Industry,1999
1110,UPL,Japan,Oyama,1972
1111,Ukiyotei,Japan,Japan,1991
1112,Underground Development,United States,Redwood Shores,1994
1113,Respawn Entertainment,United States,Los Angeles,2010
1114,Unigine Company,Luxembourg,Clemency,2005
1115,Unity Technologies,United States,San Francisco,2004
1116,VectorCell,France,Villebon-sur-Yvette,2005
1117,Vir2L Studios,United States,"Washington, D.C.",1999
1118,Virtuos,People's Republic of China,Singapore,2004
1119,Viva Media,United States,New York City,1998
1120,Vivarium Inc.,Japan,Tokyo,1996
1121,Warhorse Studios,Czech Republic,Prague,2011
1122,Wicked Witch Software,Australia,Melbourne,1999
1123,WildTangent,United States,Redmond,1998
1124,Windmill,Japan,Japan,2002
1125,Winkysoft,Japan,Suita,1983
1126,Xicat Interactive,United Kingdom,London,2000
1127,Xseed Games,United States,Torrance,2004
1128,Yeti,Japan,Japan,2005
1129,Zeebo Inc.,United States,San Diego,2007
1130,Zeiva Inc,United States,United States,2015
1131,Zoink Games,Sweden,Gothenburg,2001
1132,Zoonami,United Kingdom,Cambridge,2000
1133,ZootFly,Slovenia,Ljubljana,2002
1134,Zoë Mode,United Kingdom,Brighton,2007
1135,Zushi Games,United Kingdom,Sheffield,1999
1136,Studio e.go!,Japan,Osaka,1998
1137,Crawfish Interactive,United Kingdom,Croydon,1997
1138,CyberFront,Japan,Chūō,1998
1139,The Game Factory,Denmark,Aarhus,2004
1140,Inti Creates,Japan,Ichikawa,1996
1141,DigiFX Interactive,United States,Dallas,1991
1142,MC2 France,France,Montrouge,2003
1143,Silicon Dreams Studios,United Kingdom,Banbury,1994
1144,Headfirst Productions,United Kingdom,Sutton Coldfield,1998
1145,Legendo Entertainment AB,Sweden,Gothenburg,1998
1146,Saga Planets,Japan,Kita-ku,2012
1147,Craneballs,Czech Republic,Prague,2008
1148,FiolaSoft Studio,Czech Republic,Prague,2002
1149,Aurogon Shanghai,People's Republic of China,Shanghai,2007
1150,"Suntendy Interactive Multimedia Co.,Ltd.",People's Republic of China,Beijing,1997
1151,Softstar Entertainment,Taiwan,New Taipei City,1988
1152,Bandai Namco Forge Digitals,Japan,Tokyo,1994
1153,Cygames,Japan,Tokyo,2011
1154,Mages,Japan,Minato,2006
1155,MOSS,Japan,Tokyo,1993
1156,softhouse-seal,Japan,Nakano,2009
1157,Aeria,Japan,Tokyo,2002
1158,Aquria,Japan,Kanagawa Prefecture,2002
1159,Examu,Japan,Tokyo,2007
1160,Experience,Japan,Hachiōji-shi,2007
1161,Granzella,Japan,Ishikawa Prefecture,2011
1162,Shift,Japan,Fujisawa,1996
1163,DeNA,France,Shibuya,1999
1164,Hamster Corporation,Japan,Tokyo,1999
1165,Bandai Namco Studios,Japan,Tokyo,2012
1166,Bullet-Proof Software,Japan,Kanagawa Prefecture,1983
1167,Furyu Corporation,Japan,Shibuya,2007
1168,Micronet,Japan,Hokkaidō,1982
1169,Nixxes Software,Netherlands,Utrecht,1999
1170,Simutronics,United States,St. Louis,1987
1171,22Cans,United Kingdom,Guildford,2012
1172,Konami Digital Entertainment,Japan,Tokyo,2006
1173,Red Thread Games,Norway,Oslo,2012
1174,Grip Games,Czech Republic,Prague,2009
1175,Niantic Games Team,United States,San Francisco,2010
1176,Trickster Arts,Czech Republic,Prague,2012
1177,WB Games Montréal,Canada,Montreal,2010
1178,Apus Software,Belarus,Minsk,2005
1179,Kadokawa Key-Process,Japan,Chiyoda,1954
1180,Carbine Studios,United States,Aliso Viejo,2005
1181,Level-5 Comcept,Japan,Tokyo,2010
1182,Destineer,United States,Minnetonka,2001
1183,Fireproof Studios,United Kingdom,Guildford,2018
1184,Flying Wild Hog,Poland,Warsaw,2009
1185,Ubisoft Ivory Tower,France,Lyon,2007
1186,Mediatonic,United Kingdom,London,2005
1187,NDOORS Corporation,South Korea,Seoul,1999
1188,Universomo,Finland,Tampere,2002
1189,VG Entertainment,Ukraine,Kyiv,2012
1190,NEXON Korea,South Korea,Bundang,1994
1191,Lexis Numérique,France,Champs-sur-Marne,1990
1192,Torn Banner Studios,Canada,Toronto,2011
1193,Dennaton Games,Sweden,Gothenburg,2012
1194,Dingo Inc.,Japan,Tokyo,1998
1195,Almost Human,Finland,Espoo,2011
1196,Aerosoft,Germany,Paderborn/Lippstadt Airport,1991
1197,Owlient,France,Paris,2005
1198,Ironhide Game Studio,Uruguay,Montevideo,2010
1199,17-BIT,United States,Seattle,2009
1200,Sonnori,South Korea,Gyeonggi Province,1998
1201,Die Gute Fabrik,Denmark,Copenhagen,2008
1202,YoYo Games,United Kingdom,Dundee,2007
1203,QLOC,Poland,Warsaw,2009
1204,Red Barrels,Canada,Montreal,2011
1205,Swing Swing Submarine,France,Angoulême,2010
1206,Ubisoft San Francisco,United States,San Francisco,2009
1207,Arkadium,United States,New York City,2001
1208,Mind Candy,United Kingdom,Shoreditch,2003
1209,Press Play,Denmark,Copenhagen,2006
1210,Farnell element14,United Kingdom,Leeds,1939
1211,Puppy Games,United Kingdom,Notting Hill,2018
1212,Slipgate Ironworks,Denmark,Aalborg,2010
1213,Curve Games,United Kingdom,London,2005
1214,Giant Sparrow,United States,Santa Monica,2009
1215,Kru Interactive,United States,Santa Clara,1994
1216,BossAlien,United Kingdom,Brighton,2011
1217,MidBoss,United States,San Francisco,2017
1218,Scopely,United States,Los Angeles,2011
1219,Arario Corporation,Japan,Tokyo,2007
1220,Playism,Japan,Osaka,2011
1221,ILCA,Japan,Tokyo,2010
1222,Boss Key Productions,United States,Raleigh,2014
1223,Fullbright,United States,Portland,2012
1224,Kunos Simulazioni,Italy,Campagnano di Roma,2005
1225,Cloudgine,United Kingdom,Edinburgh,2019
1226,Cheetah Mobile,People's Republic of China,Chaoyang District,2009
1227,Nightdive Studios,United States,Vancouver,2013
1228,Kiro'o Games,Cameroon,Yaoundé,2003
1229,Poppermost Productions,Sweden,Stockholm,2012
1230,Psyonix,United States,San Diego,2000
1231,Dreamatrix Game Studios,Croatia,Zagreb,2015
1232,Limbic Entertainment,Germany,Langen,2002
1233,Sekai Project,United States,Los Angeles,2007
1234,Ryu ga Gotoku Studio,Japan,Ota,2011
1235,Ullucus Heaven,Japan,Osaka Prefecture,2006
1236,Imperia Online JSC,Bulgaria,Sofia,2009
1237,Little Green Men Games,Croatia,Zagreb,2005
1238,Pixelopus,United States,San Mateo,2014
1239,Smoking Gun Interactive,Canada,Vancouver,2007
1240,IllFonic,United States,Denver,2007
1241,Failbetter Games,United Kingdom,London,2010
1242,Blue Isle Studios,Canada,Toronto,2010
1243,Handheld Games,United States,Mill Creek,2000
1244,Bulldog Interactive,United Kingdom,Ashby-de-la-Zouch,1999
1245,Infamous Quests,United States,Syracuse,2012
1246,Shiro Games,France,Bordeaux,2012
1247,Sega Interactive,Japan,Shinagawa,2015
1248,Degica,Japan,Tokyo,2005
1249,Flying Cafe for Semianimals,Ukraine,Kyiv,2011
1250,Réunion des musées nationaux,France,,1895
1251,MumboJumbo,United States,,2001
1252,KCEO,United States,,2007
1253,Allods Team,Russia,,2006
1254,Darkside Game Studios,United States,,2008
1255,Excalibur Publishing,United Kingdom,,2016
1256,.theprodukkt,Germany,,2004
1257,Pinkerton Road Studio,United States,,2013
1258,Teotl Studios,Sweden,,2010
1259,Masaya,Japan,,1985
1260,Ndemic Creations,United Kingdom,Bristol,2012
1261,Ubisoft Berlin,Germany,Berlin,2017
1262,Tindalos Interactive,France,Paris,2010
1263,Goldhawk Interactive,United Kingdom,London,2009
1264,Red Hook Studios,Canada,Vancouver,2013
1265,Ankama Games,France,Roubaix,2006
1266,Forgotten Empires,United States,Cincinnati,2013
1267,Onteca (United Kingdom),United Kingdom,Liverpool,2001
1268,Romero Games,Ireland,Galway,2015
1269,Endnight Games,Canada,Vancouver,2018
1270,LINE GAMES,South Korea,Seoul,2012
1271,Project Soul,Japan,,2002
1272,Fig,United States,,2015
1273,Team GrisGris,Japan,,1998
1274,H2 Interactive,South Korea,,2009
1275,Killmonday Games HB,Sweden,,2023
1276,Playrise Digital Ltd.,United Kingdom,,2016
1277,Payload Studios,United Kingdom,,2018
1278,Madosoft,Japan,,2017
1279,Dinosaur Polo Club,New Zealand,,2015
1280,Cardboard Computer,United States,,2020
1281,Black Pearl Software,United States,,2009
1282,Adult Swim Games,United States,,2005
1283,Nuuvem,Brazil,,2024
1284,House of Tales,Germany,Bremen,1998
1285,Nintendo of America,United States,Redmond,1985
1286,Re-Logic,United States,Floyds Knobs,2011
1287,Nintendo Entertainment Planning & Development,Japan,Kyoto,2015
1288,Squad,Mexico,Mexico City,2009
1289,Versus Evil,United States,Austin,2013
1290,"A.I Co., Ltd.",Japan,Tokyo,1990
1291,Deep Silver Dambuster Studios,United Kingdom,Nottingham,2014
1292,En Masse Entertainment,United States,Seattle,2010
1293,Motive Studio,Canada,Montreal,2015
1294,Nintendo Platform Technology Development,Japan,Kyoto,2015
1295,SkyBox Labs,Canada,Burnaby,2011
1296,Harebrained Schemes,United States,Seattle,2011
1297,Tri Synergy,United States,Dallas,1996
1298,Chucklefish,United Kingdom,London,2019
1299,Atelier 801,France,Lille,2011
1300,Image & Form,Sweden,Gothenburg,1997
1301,bildundtonfabrik,Germany,Ehrenfeld,2012
1302,Blackbird Interactive,Canada,Vancouver,2007
1303,OtherSide Entertainment,United States,Boston,2014
1304,Carbon Games,United States,Bellevue,2011
1305,Gunfire Games,United States,Austin,2014
1306,Kitfox Games,Canada,Montreal,2017
1307,Giant Army,United States,Seattle,2011
1308,IMC Games,South Korea,Seoul,2003
1309,Studio Wildcard,United States,Kirkland,2014
1310,Moon Studios,Austria,Vienna,2010
1311,Night School Studio,United States,Glendale,2014
1312,Monomi Park,United States,San Mateo,2014
1313,Sad Panda Studios,Canada,Kelowna,2015
1314,Brace Yourself Games,Canada,Vancouver,2013
1315,The Astronauts,Poland,Warsaw,2012
1316,Tokyo RPG Factory,Japan,Shinjuku,2017
1317,Transhuman Design,Poland,Warsaw,2002
1318,Urban Games,Switzerland,Schaffhausen,2013
1319,Sloclap,France,Paris,2015
1320,Rain Games,Norway,Bergen,2010
1321,genDESIGN,Japan,Kōtō,2014
1322,Finji,United States,Grand Rapids,2006
1323,Square Enix Montréal,Canada,Montreal,2011
1324,Code Mystics,Canada,Vancouver,2009
1325,Digital Happiness,Indonesia,Bandung,2013
1326,TT Games Publishing,United Kingdom,London,2004
1327,Piko Interactive,United States,Houston,2013
1328,Persha Studia,Ukraine,Kyiv,2000
1329,Coldwood Interactive,Sweden,Umeå,2003
1330,PassTech Games,France,Villeurbanne,2012
1331,Gun Interactive,United States,Lexington,2017
1332,Axolot Games,Sweden,Stockholm,2024
1333,Wube software,Czech Republic,London,2014
1334,Campo Santo,United States,Bellevue,2013
1335,Cubical Drift,France,Cannes,2013
1336,D-Pad Studio,Norway,Bergen,2010
1337,Landfall Games,Sweden,Stockholm,2021
1338,Iceflake Studios,Finland,Tampere,2007
1339,Compulsion Games,Canada,Montreal,2009
1340,The Sales Curve,United Kingdom,London,1988
1341,Free Lives,South Africa,Cape Town,2012
1342,Soedesco,Netherlands,Rotterdam,2001
1343,Sunborn Network Technology,People's Republic of China,Fengxian District,2015
1344,Golden Disc Electronic,People's Republic of China,Beijing,1992
1345,miHoYo,People's Republic of China,Shanghai,2012
1346,10tons,Finland,Tampere,2003
1347,CreativeForge Games,Poland,,2011
1348,Kite Games,Hungary,,2001
1349,Stoic,United States,,2018
1350,Broken Rules,Austria,,2010
1351,WaterMelon,France,,2014
1352,League of Geeks,Australia,,2015
1353,Ludeon Studios,Canada,,2018
1354,3909,United States,,2017
1355,Virtual Basement LLC,United States,,2017
1356,Uppercut Games,Australia,,2018
1357,Asteroid Base,Canada,,2017
1358,Reverb Publishing,United States,,2011
1359,Witch Beam,Australia,,2013
1360,Park ESM,South Korea,,2009
1361,VALOFE,South Korea,,2017
1362,Ysbryd Games,Wales,,2014
1363,Panic Button,United States,,2007
1364,Storm,United Kingdom,,2021
1365,Oizumi Amuzio,Japan,,2013
1366,Videocult,United States,Boston,2017
1367,BURA,Chile,Santiago,2018
1368,Giant Squid,United States,West Los Angeles,2013
1369,XD,People's Republic of China,Shanghai,2010
1370,OneOcean LLC,Ukraine,Ukraine,2019
1371,WhisperGames,People's Republic of China,Xiamen,2015
1372,Sparkypants Studios,United States,Baltimore,2011
1373,Ravensburger Interactive Media,Germany,Ravensburg,1992
1374,Papergames,People's Republic of China,Suzhou,2012
1375,WonderPlanet,Japan,Naka-ku,2012
1376,Necrosoft Games,United States,Oakland,2012
1377,Microsoft Casual Games,United States,Redmond,2016
1378,WeirdBeard,Netherlands,Amsterdam,2007
1379,Fntastic,Russia,Yakutsk,2015
1380,Other Ocean,United States,Emeryville,2006
1381,Thekla,United States,San Francisco,2016
1382,Berzerk Studio,Canada,Quebec City,2008
1383,Wispfire,Netherlands,Utrecht,2017
1384,"Hopoo Games, LLC",United States,Seattle,2012
1385,Mode 7,United Kingdom,Oxford,2005
1386,Krillbite Studio,Norway,Oslo,2011
1387,Fakt Software,Germany,Leipzig,1990
1388,Over The Moon,Canada,Vancouver,2013
1389,Gamious,Netherlands,Haarlem,2011
1390,TML Studios,Germany,Erfurt,2004
1391,Funsoft,Germany,Kaarst,1992
1392,Assemble Entertainment,Germany,Wiesbaden,2016
1393,Private Division,United States,New York City,2017
1394,Yostar,People's Republic of China,Kowloon,2014
1395,Kakao Games,South Korea,Jeju Province,2020
1396,Chillingo,United Kingdom,Macclesfield,2002
1397,Witching Hour Studios,Singapore,Singapore,2010
1398,BadLand Games,Spain,Madrid,2011
1399,Powerhead Games,United States,New York City,2000
1400,Novaquark,France,Paris,2014
1401,Naps Team,Italy,Messina,1993
1402,Noodlecake,Canada,Saskatoon,2011
1403,HumaNature Studios,United States,Albany,2019
1404,"Konami Computer Entertainment Tokyo, Inc.",Japan,Tokyo,1995
1405,Lion Entertainment Inc.,United States,Austin,1993
1406,Design Factory,Japan,Toshima,2001
1407,Sony Computer Entertainment America,United States,San Mateo,2011
1408,Digerati,United States,,2020
1409,Defiant Development,Australia,,2018
1410,Angry Demon Studio,Sweden,,2021
1411,Suncrash,Israel,,2014
1412,Anshar Studios,Poland,,2012
1413,Codename Entertainment,Canada,,2008
1414,A44,New Zealand,,2013
1415,Mountains,Australia,,2020
1416,City Connection,Japan,,2005
1417,Fulqrum Publishing,Poland,,2024
1418,Cliffhanger Productions,United Kingdom,,2015
1419,Four Leaf Studios,Japan,,2012
1420,Radiation Blue,Germany,,2020
1421,Gray Matter Inc.,Canada,,1985
1422,Goblinz Studio,France,,2023
1423,Eclipse Software,United States,,1999
1424,Zerodiv,Japan,,2007
1425,Tuque Games,Canada,,2021
1426,ThankCreate Studio,People's Republic of China,,2017
1427,Oink Games,Japan,,2024
1428,"Aplus Co., Ltd.",Japan,,2018
1429,Dramatic Create,Japan,,2011
1430,Midjiwan,Sweden,,2020
1431,Yangyang Mobile,Philippines,,2021
1432,YumeHaven,Japan,,2004
1433,System Era Softworks,United States,,2014
1434,S-court,Japan,,2019
1435,Big Bad Wolf,France,,2023
1436,Animation Arts,Germany,,2009
1437,Studio Koba,Spain,,2021
1438,WARP,Japan,,1994
1439,Stumbling Cat,United States,Seattle,2024
1440,Thunderful,Sweden,Gothenburg,2017
1441,Funomena,United States,San Francisco,2013
1442,Alt Shift,France,Montpellier,2021
1443,La Belle Games,France,rue Vasco-de-Gama,2022
1444,WFS,Japan,Roppongi,2014
1445,All in! Games,Poland,Kraków,2018
1446,Gotch Technology Corp.,Japan,Osaka,2019
1447,"Oh, a Rock! Studios",United States,Ithaca,2014
1448,Amazing Studio,France,Paris,1994
1449,Bithell Games,United Kingdom,London,2013
1450,Moment Games,United States,San Francisco,2008
1451,Kodera Software,Poland,Będzin,2016
1452,Battlestate Games,Russia,Saint Petersburg,2012
1453,Gameloft Software Beijing,People's Republic of China,Beijing,2008
1454,Fangamer,United States,Tucson,2007
1455,Robot Invader,United States,Menlo Park,2011
1456,QubicGames,http://www.wikidata.org/.well-known/genid/f813fb500ba53074646f70bceb9bc40f,Warsaw,2004
1457,PlayWay,Poland,Warsaw,2011
1458,Radical Fish Games,Germany,Saarbrücken,2020
1459,Triband,Denmark,Copenhagen,2024
1460,The Label,United States,San Francisco,2016
1461,"Stern Electronics, Inc.",United States,Chicago,1977
1462,Pixel Reef,France,Montpellier,2016
1463,Pixile Studios,Canada,North Vancouver,2011
1464,Pathea Games,People's Republic of China,Chongqing,2010
1465,Troglobytes Games,Spain,Barcelona,2020
1466,doinksoft,United States,Eugene,2018
1467,Voodoo,France,Paris,2013
1468,Purple Lamp,Austria,Vienna,2017
1469,Embracer Group,Sweden,Karlstad,2008
1470,Heart Machine,United States,Culver City,2013
1471,Typhoon Studios,Canada,Montreal,2017
1472,Abstraction Games,Netherlands,Valkenswaard,2007
1473,xeen,Japan,Yodogawa-ku,2006
1474,Armor Games Studios,United States,Irvine,2023
1475,Dear Villagers,France,Montpellier,2016
1476,Metronomik,Malaysia,Bangsar South,2017
1477,Panache Digital Games,Canada,Montreal,2014
1478,Backwoods Entertainment,Germany,Bochum,2022
1479,Stuck In Attic,Romania,Târgu Mureș,2019
1480,Anima Project,Spain,Valencia,2018
1481,Mobius Digital,United States,Los Angeles,2022
1482,bluecurse,Canada,Vancouver,2018
1483,QUByte Interactive,Brazil,São Paulo,2022
1484,Forever Entertainment,Poland,Gdynia,2010
1485,Redbeet Interactive,Sweden,Skövde,2024
1486,Ratalaika Games,Spain,León,2013
1487,Ebb Software,Serbia,Belgrade,2013
1488,Hikari Field,Japan,Tokyo,2016
1489,Modus Games,United States,Walnut Creek,2020
1490,3goo,Japan,Tokyo,2009
1491,Toge Productions,Indonesia,Jakarta,2009
1492,Nomad Games,United Kingdom,Lymm,2011
1493,Koalabs,France,Montreuil,2011
1494,World's Edge,United States,Redmond,2023
1495,Gato Studio,Spain,A Coruña,2010
1496,"HAPPYTUK Co., Ltd.",Taiwan,Xindian District,2012
1497,Coconut Island Games,People's Republic of China,Putuo District,2009
1498,Game Source Entertainment,People's Republic of China,Hong Kong,2006
1499,Whiptail Interactive,United States,West Chester,1997
1500,Team Reptile,Netherlands,Hilversum,2011
1501,Ziggurat Interactive,United States,Denver,2018
1502,Spearhead Games,Canada,Montreal,2012
1503,THQ Wireless,United States,Calabasas,2005
1504,Stormind Games,Italy,Catania,2020
1505,Nolla Games,Finland,Helsinki,2016
1506,Sobaka Studio,Russia,Moscow,2020
1507,SadSquare Studio,Canada,Quebec,2015
1508,The Knights of Unity,Poland,Wrocław,2015
1509,Blue Brain Games,Slovakia,Bratislava,2024
1510,CrazyBunch,Germany,Hamburg,2014
1511,Dumativa,Brazil,Rio de Janeiro,2012
1512,Dangen Entertainment,Japan,Osaka,2017
1513,Nimble Neuron,South Korea,Seongnam,2013
1514,Eggcode Games,Germany,Vlotho,2010
1515,Toybox Inc.,Japan,Shinjuku,2011
1516,Devespresso Games,South Korea,Seoul,2014
1517,Blaze,United States,Princeton,2013
1518,Evil Empire,France,Bordeaux,2019
1519,Ripstone,United Kingdom,Liverpool,2011
1520,Robot House Games,United Kingdom,Waterlooville,2012
1521,Sunhead Games,Taiwan,Taipei,2012
1522,Big Green Pillow,Brazil,São Paulo,2012
1523,Mother Gaia,Brazil,Bauru,2008
1524,Crazy Labs,Israel,Tel Aviv,2011
1525,Crescent Moon Games,United States,New York City,2009
1526,Studio MDHR,Canada,Oakville,2013
1527,Applibot,Japan,Tokyo,2010
1528,IzanagiGames,Japan,Tokyo,2024
1529,Route 59,Australia,Melbourne,2016
1530,Atmos Games,United States,Greenville,2010
1531,Highwire Games,United States,Seattle,2014
1532,Memorable Games,Italy,Turin,2013
1533,Playful Studios,United States,McKinney,2012
1534,Wolcen Studio,France,Nice,2015
1535,Headbang Club,France,Gond-Pontouvre,2016
1536,Experiment 101,Sweden,Stockholm,2015
1537,Hound Picked Games,United Kingdom,Farnworth,2018
1538,Covenant.dev,Poland,Warsaw,2020
1539,NIS America,United States,Anaheim,2003
1540,Crunching Koalas,Poland,Warsaw,2012
1541,Light Brick Studio,Denmark,Copenhagen,2021
1542,Semidome Inc.,Canada,Toronto,2024
1543,Klabater,Poland,Warsaw,2016
1544,"PlayStation Mobile, Inc.",United States,,2015
1545,FYQD-Studio,People's Republic of China,,2020
1546,3Division Entertainment,Slovakia,,2024
1547,Guard Crush Games,Canada,,2009
1548,Nuclearvision Entertainment,Germany,,2000
1549,Cabbage Soft,Japan,,2024
1550,Lose,Japan,,2018
1551,Wired Productions,United Kingdom,,2008
1552,Midgar Studio,France,,2008
1553,Hyperstrange,Poland,,2015
1554,SELECT BUTTON Inc.,Japan,,2014
1555,Magellan Interactive,United States,,2005
1556,RASK,Japan,,2016
1557,Coatsink,United Kingdom,,2009
1558,Offworld Industries,Canada,,2015
1559,Chiyomaru Studio,Japan,,2022
1560,Jo-Mei Games,Germany,,2009
1561,B-Alive GmbH,Germany,,2003
1562,PID Publishing,France,,2020
1563,Rocketcat Games,United States,,2019
1564,Humble Games,United States,,2019
1565,I-Novae Studios,United States,,2005
1566,Ghost Ship Games,Denmark,,2016
1567,Gearbox Publishing,United States,,2016
1568,Appeal,Belgium,,1995
1569,Four Quarters,Russia,,2023
1570,SouthPAW Games,South Korea,,2024
1571,Iron Gate Studio,Sweden,,2019
1572,indienova,People's Republic of China,,2013
1573,Victura,Guernsey,,2023
1574,Phantom EFX,United States,,1998
1575,Crytivo Games,United States,,2024
1576,Invidec Games,Austria,,2014
1577,Team WIBY,Australia,,2018
1578,Onion Games,Japan,,2020
1579,Brave Lamb Studio,Poland,,2024
1580,Beethoven and Dinosaur,Australia,,2017
1581,D-Rockets,Japan,,2008
1582,Hidden Trap,Spain,,2022
1583,Wobbly Tooth,Japan,,2021
1584,Chaosmonger Studio,Estonia,,2021
1585,Moe App,Japan,,2011
1586,Future Friends Games,United Kingdom,,2017
1587,Wishfully,Sweden,,2018
1588,CFK,South Korea,,2017
1589,Square Enix Business Division 1,Japan,,2013
1590,Origamihero Games,Austria,,2022
1591,Gemdrops,Japan,,2022
1592,Ackk Studios,United States,,2013
1593,Door 407,Russia,,2024
1594,Lab42,United Kingdom,,2022
1595,Baltoro Games,Poland,,2022
1596,Bedtime Digital Games,Denmark,,2022
1597,Traffic Games,United Kingdom,,2004
1598,Cafe Empty,Canada,,2018
1599,Vile Monarch,Poland,,2022
1600,Nexon Games,South Korea,,2023
1601,Resolution Games,Sweden,Stockholm,2015
1602,Raylight Games,Italy,Benevento,2000
1603,Crema,Spain,Madrid,2012
1604,COGNOSPHERE,Singapore,Jurong East,2021
1605,Freaky Creations,Ecuador,Guayaquil,2011
1606,ESDigital Games,Cyprus,Limassol,2023
1607,Bit Golem,Poland,Kraków,2015
1608,Entergram,Japan,Kita-ku,1999
1609,Heart Shaped Games,United States,Ann Arbor,2023
1610,Salix Games,United Kingdom,Guildford,2016
1611,Red Games Co.,United States,Santa Monica,2018
1612,Koei Tecmo America,United States,Burlingame,2010
1613,Ubisoft Blue Byte,Germany,Düsseldorf,1988
1614,1C Game Studios,Russia,Limassol,2012
1615,Uvula,United States,San Francisco,2021
1616,Sweet Baby Inc.,Canada,Montreal,2018
1617,Ripple Effect Studios,United States,Los Angeles,2013
1618,Artisan Studios,Canada,Quebec City,2016
1619,Idea Factory International,United States,Gardena,2013
1620,Interactive Data Visualization Inc.,United States,Lexington,2000
1621,creā-ture Studios,Canada,Montreal,2014
1622,The Molasses Flood,United States,Boston,2014
1623,Whitethorn Games,United States,Erie,2016
1624,Worldwalker Games,United States,Austin,2024
1625,Ultimate Games,Poland,Warsaw,2020
1626,Drop Bear Bytes,Australia,Torquay,2019
1627,White Paper Games,United Kingdom,Salford,2012
1628,COWCAT Games,France,Andrézieux-Bouthéon,2023
1629,Shift Up,South Korea,Seoul,2013
1630,Sometimes You,Russia,http://www.wikidata.org/.well-known/genid/a4146d820cfb50a95c3410b473a586ce,2021
1631,Joindots,Germany,Krefeld,2021
1632,RedDeerGames,Poland,Warsaw,2021
1633,Bunnyhug,United Kingdom,Broadstairs,2019
1634,Penguin Pop Games,United States,Austin,2021
1635,Vaka,Japan,Numabukuro,2018
1636,Koei Tecmo Europe,United Kingdom,Letchworth Garden City,2002
1637,SakuraGame,People's Republic of China,Chengdu,2019
1638,HypeTrain Digital,Cyprus,Nicosia,2017
1639,"HUBLOTS CO., Ltd",Japan,Akihabara,2019
1640,Round 8 Studio,South Korea,Gyeonggi Province,2021
1641,PID Games,France,Montpellier,2022
1642,Buddy System,United States,Los Angeles,2021
1643,Super PowerUp Games,Spain,Barcelona,2024
1644,Inflexion Games,Canada,Edmonton,2024
1645,Bokeh Game Studio,Japan,Nishi-Shinagawa,2020
1646,Claytechworks,Japan,Minato,2018
1647,Morteshka,Russia,Perm,2015
1648,Overhype Studios,Germany,Hamburg,2022
1649,iMel,Japan,Edogawa,2011
1650,Clouded Leopard Entertainment,Japan,Tokyo,2019
1651,Hakama,Japan,Shibuya,2018
1652,Triskell Interactive,France,Daoulas,2014
1653,BlueTwelve Studio,France,Montpellier,2016
1654,Behaviour Rotterdam,Netherlands,Rotterdam,2022
1655,Shiravune,Japan,,2019
1656,Snowcastle Games,Norway,,2016
1657,Cubejoy,People's Republic of China,,2011
1658,Recreate Games,South Korea,,2023
1659,Source Technology,People's Republic of China,,2023
1660,SNEG,United Kingdom,,2005
1661,Hooded Horse,United States,,2022
1662,Rootless Studio,South Korea,,2023
1663,Bitwave Games,Sweden,,2013
1664,Mobirix,South Korea,,2004
1665,Digital Touch,South Korea,,2019
1666,Trashmasters,Russia,,2011
1667,Kagami Games,United States,,2013
1668,SEGA Studios Australia,Australia,,2002
1669,Virtual Play Games,United States,,2017
1670,Asterizm,Japan,,2013
1671,NIGORO,Japan,,2013
1672,Nabi Studios,Singapore,,2014
1673,Saurus,Japan,,1997
1674,Sandcastle,United States,,2021
1675,Source Research & Development,United Kingdom,,2021
1676,KeokeN Interactive,Netherlands,Waddinxveen,2013
1677,JoWooD Ebensee,Austria,Ebensee am Traunsee,1998
1678,Triternion,Slovenia,Ljubljana,2019
1679,Sketchbook Games,United Kingdom,Colchester,2016
1680,Astrum Entertainment,Russia,Moscow,2022
1681,Koei Tecmo Singapore,Singapore,Singapore,2004
1682,Colorful Palette,Japan,Shibuya,2018
1683,Funbox Media,United Kingdom,Chesterfield,2010
1684,The Pokémon Works,Japan,Shinjuku,2024
1685,Manjuu Games,People's Republic of China,Shanghai,2015
1686,"Long Cheng Network Co., Ltd.",Taiwan,Xinzhuang District,2012
1687,ConcernedApe LLC,United States,Seattle,2016
1688,Digital Dreams,Netherlands,Utrecht,2016
1689,NIJIGEN GAMES,Taiwan,Neihu District,2019
1690,Yongshi,People's Republic of China,Huli District,2019
1691,Project Two Interactive BV,Netherlands,Haarlem,1999
1692,Collision Studios,United States,Los Angeles,2017
