game_id,genre_id
1,97
1,281
2,83
2,97
3,94
4,49
5,201
6,297
7,25
7,26
7,45
8,25
8,26
8,45
9,13
9,25
9,26
9,84
10,94
10,173
10,178
11,13
11,172
11,293
12,14
12,30
13,37
14,26
14,172
15,49
16,25
16,172
17,83
18,94
18,172
19,12
20,14
21,14
21,97
22,14
23,78
24,71
25,14
25,142
26,14
27,63
28,45
29,45
29,80
30,45
31,25
31,48
31,142
32,45
33,45
33,48
34,136
35,71
35,263
36,50
37,42
37,79
38,2
39,19
39,117
40,19
41,19
42,45
43,45
44,45
45,25
45,267
46,25
47,19
48,25
49,25
50,19
50,267
51,19
52,25
52,267
53,2
54,25
55,25
56,2
56,50
57,19
57,45
58,13
58,26
58,104
59,13
59,26
60,26
61,25
62,25
63,49
64,19
65,49
66,19
67,25
67,45
68,19
69,30
70,25
70,45
71,5
71,25
72,57
73,14
74,241
75,19
76,2
77,12
77,42
77,172
78,13
79,13
80,13
81,13
81,26
82,168
83,168
84,14
85,19
85,45
85,48
85,72
86,42
87,13
87,172
87,225
88,52
89,39
89,58
89,76
89,137
90,19
90,50
91,25
92,25
93,25
94,42
94,267
95,25
96,13
97,34
97,54
97,56
97,60
97,84
98,25
98,48
98,142
99,5
100,42
101,42
102,26
102,172
103,42
103,79
104,25
104,26
105,25
106,45
106,169
106,293
107,36
107,94
108,103
109,5
110,26
110,49
111,25
112,25
112,225
113,28
113,50
113,110
113,311
114,39
114,40
114,137
115,19
116,25
116,169
117,5
118,67
118,142
119,56
120,39
120,76
121,25
121,26
122,33
122,101
123,5
123,45
124,45
125,14
125,34
125,172
125,293
126,5
126,172
127,238
127,263
127,298
128,5
128,13
129,25
130,42
130,71
131,79
132,13
132,24
132,316
133,42
134,42
134,79
135,13
135,172
136,82
137,82
138,26
138,172
139,5
140,49
141,2
141,9
141,19
141,25
141,42
142,25
143,19
143,233
144,42
144,45
145,83
146,83
147,83
148,45
149,19
149,25
150,19
150,25
151,42
152,13
152,19
152,172
153,13
154,13
155,26
156,14
156,142
157,49
157,169
157,244
158,25
158,85
158,172
159,178
160,39
160,58
160,76
160,137
161,2
161,42
162,2
162,25
163,131
164,77
165,26
165,45
166,45
166,72
167,298
168,2
168,39
169,19
169,120
170,13
171,39
171,40
171,58
171,76
171,137
171,178
172,13
173,68
174,39
174,59
175,39
175,40
175,58
176,71
176,132
176,225
177,12
177,178
178,49
179,71
179,225
180,71
180,132
180,225
181,42
181,79
182,49
183,12
183,178
184,97
185,57
185,229
186,13
186,172
186,293
186,317
187,47
188,25
189,83
189,169
190,47
191,47
192,25
192,142
192,225
193,34
193,84
194,42
194,79
195,13
195,24
195,172
195,317
196,13
197,13
198,14
198,178
199,49
200,13
200,79
200,172
201,13
202,14
202,97
202,123
203,14
203,31
203,36
203,42
203,71
203,149
203,195
203,250
204,13
204,172
205,25
205,26
205,48
205,142
206,5
207,13
207,26
207,92
208,25
209,42
209,185
210,13
210,24
210,172
210,293
211,238
211,298
212,26
213,13
213,172
214,13
214,185
215,19
216,13
216,282
216,293
217,49
218,70
219,70
220,49
221,14
221,142
222,42
222,79
222,277
223,14
223,98
223,104
223,142
224,68
225,42
226,13
226,293
227,134
228,2
228,5
228,172
228,193
229,42
229,79
229,169
230,42
230,79
231,79
232,42
232,65
232,79
233,25
233,79
234,5
234,162
235,45
235,172
236,13
236,172
237,25
237,48
237,263
238,12
239,42
239,67
239,75
239,79
239,277
240,42
240,67
240,79
240,277
241,42
241,225
242,13
242,37
243,67
243,276
244,49
245,25
246,33
247,2
247,54
247,65
247,86
247,167
247,170
248,49
249,13
250,48
250,79
250,176
250,185
250,225
250,293
251,42
251,47
251,79
251,169
252,35
253,49
254,14
255,25
256,13
256,74
257,79
257,185
258,2
258,30
258,42
258,71
259,14
260,26
260,185
261,67
262,2
262,25
262,47
263,14
264,25
265,57
266,42
266,79
267,82
268,2
269,42
270,5
270,251
271,14
272,24
272,25
272,26
273,5
273,24
273,25
273,37
273,45
273,224
273,225
274,33
275,49
276,13
276,172
277,42
277,79
277,169
278,49
279,19
279,26
280,13
281,19
282,5
282,45
283,25
284,49
285,47
286,13
287,13
288,71
289,26
289,48
290,39
290,58
291,49
292,209
293,37
294,26
294,172
295,5
295,19
295,25
295,45
296,79
296,178
297,27
298,37
299,2
299,19
299,25
299,27
299,48
300,19
301,19
301,45
301,136
301,149
302,33
303,13
303,61
303,172
304,47
305,5
306,25
306,26
307,13
307,19
307,26
307,30
307,84
308,118
309,45
310,2
310,42
310,264
311,13
312,14
313,14
315,39
315,58
315,124
315,151
315,153
315,172
316,14
316,225
317,13
318,57
319,5
319,251
320,5
321,25
322,25
322,48
323,67
323,79
324,42
325,25
325,42
325,170
326,13
326,53
327,57
327,172
328,25
328,79
328,178
328,277
329,42
329,178
330,12
330,29
330,42
330,50
330,87
330,195
330,267
331,13
331,172
332,44
332,230
333,47
333,169
333,225
334,118
334,172
335,5
335,19
336,42
337,49
338,149
339,19
339,31
339,34
339,45
340,14
341,25
342,13
343,13
343,25
344,167
345,30
345,94
345,178
346,129
346,267
347,26
347,42
348,13
348,172
349,13
350,25
350,79
351,13
351,157
351,172
351,293
352,7
353,42
354,36
354,94
354,290
355,2
355,84
356,94
357,47
358,42
359,13
359,26
360,45
361,19
362,13
363,49
364,2
365,25
365,48
366,19
367,45
367,49
368,103
369,49
369,92
370,25
370,293
371,19
371,25
371,26
371,267
372,12
373,13
373,172
374,13
375,92
376,47
376,169
377,13
378,16
379,52
380,19
381,47
382,25
383,2
383,197
383,271
384,19
385,52
386,94
387,14
387,30
387,172
387,293
388,49
389,14
390,42
391,31
392,26
392,57
393,47
394,50
395,57
396,42
396,172
397,48
397,201
398,13
399,88
400,13
401,24
401,25
402,42
403,30
403,94
404,2
405,24
405,25
406,26
407,13
408,13
409,25
409,42
410,42
410,79
411,12
412,19
412,35
413,70
414,82
415,297
416,66
417,82
418,47
418,152
419,35
420,209
421,14
422,49
423,52
424,49
424,208
425,241
426,25
427,2
428,25
428,67
429,14
430,97
430,293
431,40
432,14
432,104
433,26
433,37
434,13
435,14
435,94
435,97
435,142
436,49
437,42
437,79
438,13
438,24
438,293
438,316
439,25
439,61
439,172
440,42
441,12
442,12
443,87
443,172
444,52
444,130
445,35
446,39
446,172
446,184
447,12
448,52
448,178
449,12
450,42
450,172
450,185
451,13
452,27
453,26
454,13
455,12
455,224
455,225
456,12
457,45
457,47
457,50
457,72
458,13
459,13
460,12
460,172
461,82
462,45
462,47
462,50
462,72
463,12
464,49
465,79
465,277
465,293
466,42
466,65
467,63
468,201
469,12
470,6
470,147
470,149
471,42
471,178
472,42
473,33
474,13
475,33
476,13
477,33
478,12
479,19
480,26
480,50
481,42
482,49
483,13
485,26
485,285
485,287
485,289
485,252
486,6
486,13
487,47
488,37
488,172
489,19
489,30
490,45
491,42
492,136
493,12
494,34
494,142
495,97
496,73
497,52
498,5
499,26
499,49
500,30
501,42
502,13
503,42
503,79
504,42
504,79
505,49
506,19
507,297
508,98
509,42
510,42
510,45
511,25
512,47
513,13
513,19
514,42
514,76
515,45
515,172
515,185
515,293
516,13
516,19
517,14
517,94
517,97
518,101
519,49
519,225
520,47
521,25
521,293
522,13
523,25
523,48
524,52
525,47
526,261
527,94
527,118
528,25
528,45
529,24
530,48
531,13
532,209
533,13
533,48
533,172
533,293
534,25
535,54
535,82
536,25
536,26
536,45
537,199
538,12
538,42
539,205
540,2
540,12
541,25
541,225
542,232
543,144
544,49
544,92
544,263
544,244
545,52
545,131
546,33
547,42
548,34
549,14
549,97
549,172
549,293
550,47
551,25
552,42
552,178
553,81
553,143
553,144
553,172
554,42
555,26
555,172
556,45
557,13
557,172
557,293
558,5
559,2
560,2
561,2
562,45
563,42
564,25
565,25
566,288
567,14
568,14
568,34
568,70
569,14
570,14
571,2
571,39
572,25
572,67
573,42
573,224
573,225
574,42
575,171
575,178
576,12
576,178
577,298
578,13
578,24
578,293
579,13
579,172
580,14
580,170
581,45
581,169
581,293
582,25
582,67
582,72
583,67
584,25
585,49
586,26
587,261
588,45
588,191
589,42
590,13
590,26
590,37
591,82
592,19
593,49
594,218
595,2
596,82
597,19
597,25
598,47
598,169
599,42
599,255
600,25
601,4
601,14
601,25
602,34
603,42
604,82
605,42
605,172
606,147
607,25
607,67
607,277
607,284
608,26
608,307
609,85
610,13
611,297
612,19
613,100
614,82
615,47
616,42
617,13
617,172
618,5
619,79
620,47
621,49
622,19
622,50
622,120
623,13
623,26
623,74
624,14
625,100
625,248
626,82
626,186
627,78
628,79
628,225
628,267
629,19
630,209
631,106
632,33
633,42
634,13
635,25
635,42
636,47
637,19
638,297
639,13
639,185
640,245
641,12
642,136
643,25
644,209
645,27
646,12
646,42
647,42
647,82
648,114
649,49
650,84
651,2
652,25
652,307
653,42
654,12
655,26
655,172
656,191
657,34
657,142
658,25
659,49
660,47
660,169
661,5
661,134
661,251
662,47
662,52
663,25
663,26
664,297
665,42
666,25
667,136
668,13
668,19
668,172
669,25
669,42
670,2
670,47
671,45
672,45
673,25
674,42
675,82
676,24
676,37
677,2
677,49
678,42
678,144
679,39
679,172
679,222
679,293
680,47
680,293
681,12
682,298
683,13
683,150
683,172
683,293
684,13
685,49
686,33
686,89
687,2
688,45
689,13
690,57
690,172
691,47
691,169
692,163
693,33
694,25
695,19
696,57
697,24
698,49
698,169
698,244
699,42
700,12
700,42
701,45
701,147
702,49
703,33
704,42
704,79
704,169
705,33
705,45
705,295
706,13
706,185
707,19
708,25
708,293
709,42
710,94
710,97
711,92
712,48
713,33
714,297
715,47
715,169
716,42
717,25
717,163
718,27
719,42
720,14
720,172
721,19
722,5
723,97
723,293
724,49
725,47
726,14
726,104
726,142
727,26
727,293
728,12
728,178
729,5
729,145
730,12
730,172
730,185
731,297
732,26
733,238
733,298
734,25
735,27
735,67
736,94
737,42
737,84
738,79
738,176
738,185
739,25
740,26
741,25
742,13
742,42
742,48
742,79
742,176
742,185
743,100
744,2
744,39
745,71
745,250
746,14
746,25
746,87
747,25
748,2
749,297
750,45
751,25
751,307
752,25
752,85
753,30
753,94
753,173
754,13
754,74
755,181
756,25
756,37
757,117
757,172
758,13
758,172
758,293
759,26
760,92
761,209
762,82
763,25
763,42
763,263
764,25
765,19
766,26
767,25
768,25
768,293
769,25
770,30
771,2
771,19
771,25
771,45
771,172
772,49
772,92
773,37
774,87
775,5
775,45
776,42
777,42
778,49
779,49
779,244
780,49
781,54
782,199
783,14
783,97
784,25
785,83
786,26
787,25
787,45
788,33
789,87
789,195
789,267
790,2
791,47
792,92
793,49
794,25
795,39
795,58
796,13
796,172
796,293
797,25
798,172
798,241
799,13
799,172
800,105
801,70
802,13
802,26
802,74
802,84
802,92
803,42
803,79
803,308
804,42
805,83
806,25
806,111
806,177
807,25
807,27
807,48
807,90
807,142
807,225
808,14
808,98
808,104
808,142
809,12
809,42
810,14
811,49
812,39
812,172
812,224
813,30
814,7
814,30
815,172
815,202
816,42
816,79
817,39
817,125
817,148
817,151
817,178
817,292
818,49
820,276
820,307
821,44
822,19
822,45
823,82
824,25
825,35
826,5
826,30
827,14
828,45
829,2
830,42
830,185
831,14
832,26
833,45
833,147
834,26
834,97
835,50
836,2
837,25
837,26
838,13
839,24
839,27
839,67
839,293
840,2
841,12
841,50
841,170
842,92
843,70
844,33
844,93
845,78
846,13
846,172
847,24
847,48
847,172
848,12
848,178
849,181
850,42
850,82
851,74
852,12
853,30
853,34
853,84
853,142
854,26
855,42
856,47
857,298
858,42
858,84
859,34
860,82
861,25
862,26
863,25
864,39
864,58
864,132
865,14
866,2
866,39
867,19
868,13
869,26
869,42
869,172
869,224
869,225
869,267
870,82
871,42
871,267
872,25
873,49
874,13
874,187
875,14
876,13
876,172
876,263
877,26
877,293
878,25
879,163
879,169
879,185
879,248
880,19
880,121
881,2
881,19
881,25
881,67
882,14
883,47
884,33
884,95
884,101
885,97
886,25
887,47
888,13
888,172
889,25
889,42
890,24
890,282
891,47
892,25
893,14
893,36
893,172
894,42
894,224
894,225
894,277
895,26
895,248
896,19
896,25
896,27
896,117
897,47
898,12
898,83
899,34
900,199
901,49
902,13
902,172
903,12
903,225
903,267
904,13
904,42
905,45
906,5
907,2
907,13
907,25
907,42
907,47
907,185
908,42
909,82
910,13
910,57
910,172
911,25
911,142
912,42
912,185
912,225
913,25
913,142
914,26
914,48
915,24
916,14
916,98
916,104
916,142
917,25
918,2
918,156
919,14
919,178
920,87
921,35
922,25
923,136
924,78
925,311
926,5
926,100
926,111
926,144
927,49
928,12
928,236
929,163
930,2
931,14
932,39
932,59
933,13
934,14
935,25
936,42
936,79
937,25
938,83
939,42
940,14
940,84
941,13
942,27
943,25
943,277
943,284
944,42
945,37
946,2
946,42
947,24
947,37
948,26
948,42
948,172
948,224
948,225
948,267
949,42
949,79
949,225
949,293
950,25
951,14
951,172
951,293
952,14
952,94
952,97
953,13
953,42
953,172
953,293
954,2
955,5
956,47
957,42
957,184
957,225
957,236
958,19
959,26
959,57
959,263
960,45
961,14
962,19
963,42
963,236
964,14
964,98
964,104
964,142
965,19
966,2
966,169
967,45
968,25
969,25
970,42
970,94
971,49
971,293
972,42
972,62
973,49
974,13
975,14
975,97
976,30
976,104
976,142
977,315
978,49
979,42
980,42
980,79
981,19
981,293
982,26
983,34
984,136
985,19
985,49
986,241
987,49
988,112
988,200
989,42
990,14
990,19
990,68
991,52
992,25
993,47
994,78
995,19
995,25
995,26
995,225
996,26
996,92
997,39
997,58
997,83
997,152
997,155
997,293
998,2
998,45
998,238
999,82
1000,121
1001,92
1002,47
1003,33
1003,95
1003,101
1004,45
1005,82
1006,42
1007,2
1008,210
1009,25
1010,49
1011,47
1011,169
1012,26
1013,82
1013,186
1014,49
1015,70
1016,49
1017,13
1018,5
1019,13
1020,49
1021,47
1021,169
1022,13
1022,24
1022,172
1022,293
1023,42
1023,79
1024,14
1025,13
1026,13
1027,13
1028,13
1029,19
1029,25
1029,26
1029,284
1030,25
1030,48
1030,172
1031,13
1031,26
1031,48
1032,13
1032,48
1033,19
1033,307
1034,19
1035,42
1036,13
1036,25
1037,13
1037,172
1038,13
1038,74
1039,42
1040,42
1040,67
1040,79
1041,67
1041,79
1042,42
1043,19
1044,45
1044,256
1045,25
1045,54
1045,92
1046,25
1046,45
1047,79
1048,42
1049,97
1050,14
1051,13
1052,13
1052,172
1052,293
1053,13
1053,14
1053,172
1054,13
1054,14
1054,172
1055,200
1056,49
1057,49
1058,25
1059,2
1059,144
1059,172
1059,185
1060,13
1060,37
1061,25
1062,32
1063,45
1064,121
1065,25
1065,224
1065,225
1065,263
1066,5
1067,42
1067,65
1068,87
1068,168
1069,13
1069,172
1070,42
1070,79
1071,92
1071,160
1071,244
1072,12
1072,178
1073,49
1074,30
1074,60
1074,84
1075,25
1076,37
1077,83
1077,172
1077,296
1077,307
1078,14
1078,98
1078,104
1078,142
1079,13
1079,145
1079,170
1080,49
1081,13
1081,92
1082,33
1083,33
1084,33
1085,33
1086,19
1086,42
1087,13
1087,42
1088,160
1089,54
1090,83
1090,307
1091,14
1091,94
1091,97
1092,84
1093,25
1093,277
1093,284
1094,89
1095,25
1095,67
1096,13
1097,42
1097,172
1098,172
1098,298
1099,42
1099,79
1099,185
1100,42
1101,37
1102,2
1102,25
1103,5
1104,97
1104,118
1104,169
1105,25
1105,277
1105,284
1106,45
1107,33
1108,70
1109,57
1110,82
1111,26
1111,37
1111,172
1112,13
1112,19
1112,114
1113,13
1113,141
1114,35
1115,169
1115,275
1116,42
1117,79
1117,169
1117,212
1118,78
1119,57
1120,42
1120,79
1121,2
1121,185
1121,224
1121,225
1122,36
1122,97
1122,267
1123,94
1123,267
1124,79
1125,97
1126,42
1127,25
1127,177
1128,49
1129,25
1130,25
1130,26
1130,48
1130,185
1131,19
1132,169
1133,47
1133,58
1134,106
1135,52
1136,39
1136,42
1136,58
1137,39
1137,40
1137,58
1138,42
1139,39
1139,58
1140,39
1140,58
1140,76
1141,25
1142,13
1143,13
1144,114
1144,283
1145,47
1145,172
1146,57
1147,25
1147,293
1148,39
1148,58
1149,37
1150,256
1151,225
1151,297
1152,298
1153,10
1153,39
1153,58
1153,146
1153,152
1154,27
1155,5
1155,100
1155,111
1155,144
1156,45
1157,160
1157,169
1158,25
1159,83
1160,47
1160,169
1161,33
1162,57
1163,42
1163,83
1163,128
1164,25
1164,283
1165,25
1166,25
1167,33
1168,25
1168,26
1169,13
1170,33
1171,101
1172,191
1173,94
1173,97
1174,82
1175,25
1175,45
1176,79
1177,2
1177,39
1177,59
1178,39
1178,58
1178,172
1178,307
1180,39
1180,58
1180,137
1180,172
1180,258
1181,13
1181,74
1182,13
1182,74
1183,39
1183,172
1184,42
1185,42
1186,49
1187,39
1187,58
1188,57
1189,57
1190,47
1191,34
1191,70
1191,269
1192,57
1193,13
1193,225
1194,45
1195,49
1196,42
1197,12
1198,14
1199,25
1200,30
1200,42
1200,83
1201,13
1201,26
1202,45
1203,49
1203,92
1204,45
1205,241
1206,42
1207,169
1207,275
1208,13
1209,30
1210,14
1210,98
1210,104
1210,142
1211,14
1211,97
1211,181
1212,136
1213,132
1214,25
1215,31
1215,84
1216,2
1216,143
1216,144
1217,19
1218,2
1218,185
1219,13
1220,49
1220,92
1221,25
1221,26
1222,39
1222,58
1223,13
1223,42
1224,83
1224,307
1225,57
1226,13
1226,79
1226,224
1226,225
1226,270
1226,293
1227,13
1227,225
1227,270
1227,293
1228,71
1229,48
1230,39
1230,58
1231,61
1231,83
1231,293
1232,5
1233,5
1233,100
1233,111
1233,144
1234,5
1234,224
1235,79
1236,54
1237,36
1237,97
1237,172
1238,13
1238,25
1238,172
1239,97
1240,30
1241,14
1241,94
1241,97
1242,25
1242,172
1242,185
1242,224
1242,225
1243,13
1244,14
1245,42
1245,49
1246,25
1246,48
1247,147
1247,169
1248,83
1249,25
1250,13
1250,42
1251,57
1252,33
1252,39
1253,2
1253,185
1254,49
1255,19
1256,42
1256,225
1257,42
1257,84
1258,67
1259,39
1259,58
1260,42
1261,71
1262,82
1263,13
1264,2
1265,315
1266,5
1266,45
1267,25
1268,79
1268,178
1269,25
1270,34
1270,50
1270,54
1270,172
1271,49
1272,2
1272,144
1272,225
1273,73
1274,52
1275,71
1276,47
1277,42
1277,65
1278,47
1279,210
1280,47
1281,26
1282,2
1282,45
1283,37
1284,83
1284,172
1285,33
1285,95
1285,101
1286,5
1287,261
1288,218
1289,54
1290,70
1290,110
1290,141
1291,31
1291,71
1292,19
1292,185
1292,284
1293,2
1293,21
1293,25
1294,5
1294,45
1295,13
1295,25
1295,48
1296,13
1297,13
1298,79
1299,19
1300,121
1301,42
1302,13
1302,49
1302,92
1302,293
1303,57
1304,261
1305,25
1306,12
1306,118
1307,30
1307,84
1308,44
1309,33
1309,89
1310,5
1311,45
1312,13
1313,87
1313,172
1313,195
1314,25
1314,185
1314,224
1315,79
1316,37
1317,94
1318,100
1318,126
1318,304
1319,25
1319,26
1320,49
1321,83
1322,69
1323,42
1323,79
1323,178
1323,225
1324,2
1324,172
1325,25
1326,2
1326,13
1326,26
1327,45
1328,13
1329,45
1330,45
1331,45
1332,30
1332,172
1333,190
1334,25
1334,67
1335,19
1335,42
1335,79
1335,178
1335,225
1336,83
1337,24
1338,14
1339,42
1339,293
1340,26
1340,248
1341,5
1342,42
1343,13
1344,71
1345,101
1346,67
1346,293
1347,84
1348,82
1349,19
1349,172
1349,185
1350,33
1351,14
1351,172
1352,71
1352,132
1353,19
1353,25
1354,237
1355,118
1356,24
1356,37
1356,144
1357,261
1358,52
1358,261
1359,49
1360,13
1360,172
1361,13
1361,19
1361,74
1361,84
1361,117
1362,39
1362,172
1363,37
1364,2
1364,39
1364,169
1365,5
1366,94
1367,94
1368,45
1369,12
1370,45
1370,185
1371,45
1372,14
1372,19
1373,26
1373,172
1374,57
1374,172
1375,13
1375,172
1376,26
1377,25
1377,26
1377,48
1378,26
1378,293
1379,14
1379,42
1380,57
1381,261
1382,25
1383,27
1384,25
1385,13
1386,49
1387,30
1387,172
1388,42
1389,31
1390,39
1390,59
1391,14
1392,24
1393,26
1394,49
1395,45
1396,19
1397,2
1397,25
1398,13
1398,157
1399,117
1399,119
1400,49
1401,191
1402,79
1402,178
1402,225
1403,25
1404,45
1405,30
1405,84
1406,79
1406,293
1407,5
1407,25
1407,72
1407,101
1407,149
1408,49
1409,14
1409,31
1409,84
1410,25
1410,169
1411,30
1411,147
1412,14
1413,52
1414,49
1415,25
1416,19
1417,25
1418,82
1419,49
1420,79
1420,178
1420,225
1421,25
1422,42
1423,79
1424,14
1424,172
1425,2
1425,22
1425,39
1425,143
1425,183
1425,224
1426,83
1426,97
1426,293
1427,79
1428,144
1429,83
1430,30
1430,94
1430,104
1431,83
1431,307
1432,42
1433,42
1434,39
1434,58
1435,42
1436,13
1436,14
1436,79
1437,49
1438,19
1438,57
1438,117
1439,136
1440,136
1441,39
1442,13
1443,30
1443,94
1444,13
1445,39
1445,40
1445,58
1445,151
1445,152
1445,153
1446,25
1447,13
1447,304
1448,25
1448,39
1448,125
1448,138
1448,193
1449,12
1450,25
1451,82
1451,102
1452,71
1453,33
1454,5
1455,57
1456,44
1457,57
1458,42
1459,12
1460,27
1461,19
1461,30
1461,84
1461,164
1462,190
1463,2
1463,39
1464,57
1465,45
1466,52
1467,14
1467,50
1468,160
1469,33
1470,5
1470,45
1471,39
1471,40
1471,58
1472,49
1473,57
1474,47
1475,47
1476,24
1477,45
1478,57
1479,26
1479,293
1480,57
1481,14
1481,54
1481,70
1482,19
1483,315
1484,49
1485,44
1486,5
1486,25
1486,26
1486,172
1486,293
1487,45
1487,117
1487,163
1487,172
1488,13
1489,45
1489,169
1490,169
1490,275
1491,241
1492,57
1492,93
1493,47
1494,25
1495,231
1496,13
1496,170
1497,39
1497,58
1498,39
1498,58
1498,76
1499,25
1500,24
1501,83
1502,19
1503,5
1504,26
1504,67
1504,307
1505,5
1506,45
1507,39
1508,82
1509,25
1510,14
1510,98
1510,104
1510,142
1511,160
1512,14
1512,172
1513,241
1514,100
1515,33
1516,73
1517,79
1517,236
1518,19
1518,52
1519,13
1520,297
1521,5
1522,42
1522,84
1523,79
1523,277
1524,57
1525,14
1525,34
1525,97
1526,15
1526,39
1526,40
1526,58
1526,153
1526,154
1527,49
1528,2
1529,5
1529,25
1529,45
1530,45
1531,2
1532,25
1533,62
1534,34
1534,50
1535,45
1536,42
1536,169
1536,293
1537,42
1538,13
1538,172
1538,185
1539,42
1540,45
1540,293
1541,13
1541,74
1542,45
1543,5
1544,13
1544,19
1544,30
1544,172
1545,31
1546,14
1546,98
1546,104
1546,142
1547,13
1547,26
1548,5
1549,19
1549,149
1550,45
1551,36
1551,94
1552,47
1553,42
1554,47
1555,25
1556,13
1557,47
1558,5
1559,47
1560,13
1560,172
1561,47
1562,47
1563,297
1564,33
1564,57
1565,191
1566,83
1567,241
1568,42
1569,26
1570,49
1570,50
1571,44
1572,136
1573,42
1573,225
1574,39
1574,42
1575,14
1576,26
1576,32
1576,307
1577,35
1578,47
1579,14
1579,34
1580,13
1580,172
1581,42
1582,1
1583,5
1583,25
1584,42
1585,5
1585,169
1586,14
1586,97
1586,142
1587,67
1587,169
1587,276
1588,42
1588,225
1589,241
1590,210
1591,83
1591,307
1592,12
1593,26
1594,83
1594,307
1595,45
1596,107
1597,13
1598,2
1598,25
1598,27
1598,45
1599,49
1600,49
1601,45
1602,19
1602,25
1603,83
1603,307
1604,13
1604,24
1605,13
1606,97
1679,82
1680,19
1680,24
1680,26
1607,39
1607,58
1607,137
1608,13
1609,5
1610,47
1611,97
1612,5
1613,35
1613,121
1614,139
1614,196
1615,5
1616,13
1616,47
1617,42
1618,13
1619,149
1620,26
1621,30
1622,107
1623,2
1624,49
1624,92
1625,13
1626,50
1627,97
1627,172
1627,185
1628,70
1628,84
1629,14
1629,30
1629,84
1629,87
1629,97
1629,267
1630,160
1631,13
1632,77
1633,47
1634,47
1635,73
1636,49
1637,47
1638,45
1639,25
1640,14
1641,26
1642,87
1642,172
1643,2
1644,94
1645,33
1646,49
1647,78
1648,25
1648,67
1649,57
1650,13
1650,19
1651,26
1651,172
1652,136
1653,26
1654,100
1655,39
1655,58
1656,19
1656,45
1657,25
1657,67
1657,277
1658,77
1659,315
1660,12
1661,77
1662,52
1663,2
1664,33
1665,62
1665,172
1666,47
1667,83
1668,45
1669,47
1670,47
1671,5
1671,19
1672,2
1672,100
1672,144
1673,47
1674,136
1675,42
1676,14
1677,25
1677,26
1677,92
1678,47
1681,19
1681,25
1682,49
1683,49
1684,49
1685,25
1685,45
1686,79
1687,13
1688,5
1689,49
1690,52
1691,52
1691,169
1692,26
1693,25
1693,26
1694,178
1695,26
1696,25
1697,19
1697,45
1698,52
1698,169
1699,83
1699,169
1700,57
1701,101
1702,113
1703,30
1703,94
1704,19
1705,241
1706,13
1707,12
1708,298
1709,12
1709,26
1709,87
1710,39
1710,58
1710,137
1711,57
1712,42
1713,49
1714,19
1714,147
1715,24
1715,282
1716,26
1717,161
1718,57
1718,172
1719,42
1719,52
1720,2
1720,225
1721,98
1721,118
1722,33
1722,216
1723,47
1724,57
1725,49
1726,42
1726,307
1727,89
1728,45
1728,67
1729,14
1729,172
1730,74
1731,136
1732,45
1733,57
1734,49
1735,57
1736,67
1737,26
1738,12
1739,47
1740,14
1740,172
1741,79
1741,277
1742,25
1743,45
1744,45
1745,33
1746,42
1747,24
1747,25
1747,172
1748,13
1749,39
1749,58
1749,193
1750,19
1751,39
1751,58
1820,45
1752,13
1753,49
1754,49
1755,70
1756,25
1756,45
1757,199
1758,210
1759,30
1760,83
1761,209
1762,210
1763,33
1764,14
1764,142
1765,30
1766,52
1767,2
1768,45
1769,2
1770,87
1770,168
1771,5
1771,45
1772,79
1773,79
1774,79
1775,14
1776,2
1776,79
1776,262
1776,277
1777,25
1777,293
1778,25
1778,293
1779,19
1779,195
1780,77
1781,78
1782,169
1782,172
1782,241
1783,33
1784,49
1784,92
1785,45
1786,45
1787,42
1788,24
1788,79
1788,293
1789,37
1790,57
1791,13
1791,24
1792,13
1792,24
1793,68
1794,50
1795,261
1796,84
1796,149
1797,5
1798,79
1799,5
1799,25
1800,19
1800,25
1801,25
1802,94
1803,163
1804,5
1804,172
1805,12
1805,178
1806,39
1806,292
1806,257
1807,54
1808,26
1809,5
1809,30
1810,84
1810,172
1810,195
1810,267
1811,25
1811,276
1812,261
1813,49
1814,34
1815,42
1816,49
1817,45
1818,39
1818,58
1818,292
1818,257
1819,50
1821,25
1822,70
1823,25
1823,117
1823,163
1824,14
1825,169
1825,275
1826,71
1827,136
1827,314
1828,5
1829,39
1829,40
1829,58
1829,125
1829,151
1829,152
1829,153
1830,26
1831,33
1831,216
1832,25
1832,26
1833,19
1833,45
1834,33
1834,216
1834,263
1835,2
1836,136
1837,12
1838,14
1839,79
1840,42
1840,79
1840,172
1840,293
1841,39
1841,59
1842,14
1843,274
1844,5
1844,134
1844,139
1845,57
1846,57
1847,117
1848,13
1849,13
1849,57
1850,136
1851,25
1851,172
1852,19
1852,45
1853,45
1854,42
1855,52
1855,169
1856,45
1857,13
1858,136
1859,136
1860,136
1861,136
1862,136
1863,5
1864,47
1865,13
1866,42
1867,42
1867,82
1868,58
1868,71
1869,136
1870,71
1871,27
1872,98
1872,142
1873,13
1874,57
1875,42
1876,24
1877,2
1878,13
1878,19
1878,122
1879,42
1880,42
1880,225
1881,228
1882,263
1882,297
1883,25
1884,24
1885,35
1886,42
1887,12
1888,79
1958,42
1958,79
1959,79
1960,14
1960,30
1960,84
1960,267
1888,277
1889,35
1890,45
1891,25
1891,37
1892,13
1893,14
1893,31
1894,79
1895,30
1896,45
1897,94
1898,30
1899,25
1900,39
1900,58
1901,19
1901,25
1902,199
1903,2
1903,45
1904,2
1905,94
1906,25
1906,121
1907,100
1908,79
1908,172
1909,49
1910,13
1910,25
1910,172
1911,47
1912,25
1912,27
1912,45
1913,19
1913,25
1914,14
1914,97
1915,47
1916,84
1917,30
1918,42
1919,57
1919,172
1919,293
1920,33
1920,95
1921,45
1922,49
1923,45
1924,19
1925,47
1926,78
1927,25
1928,47
1928,293
1929,84
1930,82
1931,261
1932,97
1932,142
1933,82
1934,14
1935,45
1936,47
1937,261
1938,82
1939,39
1939,59
1940,30
1940,181
1942,2
1942,39
1943,47
1944,40
1944,77
1945,49
1946,25
1947,13
1948,19
1948,25
1949,13
1949,74
1950,13
1950,293
1951,93
1952,25
1952,37
1952,85
1952,225
1953,53
1954,49
1955,5
1956,78
1957,2
1957,39
1958,19
1958,25
1961,13
1962,70
1963,191
1964,45
1964,72
1964,201
1965,261
1966,25
1966,26
1966,42
1967,33
1967,101
1968,5
1969,49
1970,19
1970,25
1971,25
1972,47
1973,77
1974,13
1975,57
1976,49
1976,92
1977,36
1978,116
1979,87
1979,172
1980,49
1981,204
1982,25
1983,25
1984,13
1985,42
1985,82
1986,45
1987,45
1988,69
1988,84
1989,5
1989,19
1990,49
1991,45
1992,13
1992,19
1992,24
1992,42
1992,185
1993,67
1993,276
1994,57
1995,25
1995,172
1995,185
1996,2
1997,19
1997,49
1998,12
1999,13
1999,172
2000,14
2001,92
2002,5
2003,49
2003,92
2004,54
2005,74
2006,19
2006,307
2007,48
2008,97
2009,13
2009,19
2009,172
2009,185
2010,2
2011,42
2011,172
2012,27
2013,14
2014,14
2014,94
2014,97
2015,42
2016,13
2016,61
2017,178
2018,42
2019,298
2020,25
2020,67
2020,142
2021,241
2022,19
2022,26
2022,172
2023,13
2024,30
2024,84
2025,49
2026,13
2027,13
2027,172
2028,52
2029,2
2029,185
2030,49
2031,92
2032,13
2033,49
2035,6
2035,30
2036,49
2037,78
2038,13
2038,73
2038,84
2038,140
2039,118
2040,2
2040,42
2041,19
2041,45
2042,25
2043,42
2044,13
2044,74
2045,13
2046,13
2047,47
2048,79
2049,47
2050,210
2051,73
2052,230
2053,49
2053,169
2054,191
2055,97
2055,107
2056,42
2057,52
2058,49
2059,25
2060,97
2061,7
2061,118
2062,42
2063,42
2064,84
2064,87
2064,90
2064,170
2065,94
2066,82
2067,42
2068,121
2069,42
2070,13
2070,185
2071,25
2071,26
2072,57
2073,30
2073,36
2073,94
2073,172
2073,267
2074,13
2075,78
2076,45
2077,37
2078,52
2079,79
2080,26
2081,57
2082,37
2083,213
2084,19
2085,75
2086,5
2086,25
2087,27
2088,25
2089,79
2090,26
2091,214
2092,42
2093,97
2094,24
2094,25
2095,5
2095,45
2096,18
2096,250
2097,5
2098,45
2099,19
2100,207
2101,5
2101,25
2102,19
2102,25
2102,26
2102,172
2102,185
2103,13
2103,172
2104,114
2104,225
2105,52
2106,2
2106,177
2107,45
2108,100
2109,49
2110,19
2110,47
2111,47
2112,25
2113,13
2114,19
2115,13
2115,172
2115,185
2116,2
2117,2
2118,25
2119,14
2119,129
2120,12
2121,218
2122,49
2123,49
2124,49
2124,92
2125,42
2125,172
2125,293
2126,13
2127,49
2128,45
2129,94
2130,45
2131,168
2131,172
2132,87
2132,172
2133,2
2134,83
2135,26
2135,172
2135,185
2136,97
2137,45
2138,57
2138,172
2139,45
2140,14
2140,19
2140,172
2141,57
2142,25
2143,19
2144,26
2145,13
2146,3
2146,84
2146,185
2147,93
2147,266
2148,25
2148,263
2149,5
2149,246
2150,2
2150,42
2151,50
2151,195
2152,19
2153,14
2154,39
2154,58
2155,25
2156,82
2157,14
2158,49
2159,34
2159,71
2160,25
2161,34
2161,54
2162,49
2163,114
2164,26
2165,2
2166,79
2167,33
2168,25
2169,52
2170,42
2171,19
2172,13
2173,34
2174,13
2175,19
2175,119
2176,5
2176,237
2177,79
2178,200
2179,94
2180,14
2181,25
2181,48
2182,79
2183,19
2183,45
2183,172
2183,185
2184,42
2185,171
2186,45
2187,54
2188,2
2188,172
2189,42
2190,42
2190,172
2191,13
2192,25
2192,224
2192,225
2193,45
2194,75
2194,79
2195,117
2195,121
2196,39
2196,58
2196,151
2197,2
2198,13
2198,266
2198,303
2199,57
2200,19
2200,107
2200,169
2201,47
2201,52
2202,49
2203,199
2204,49
2205,45
2206,199
2207,14
2208,82
2209,35
2210,47
2211,25
2212,211
2213,19
2213,163
2214,47
2215,25
2216,26
2216,172
2217,203
2218,57
2219,13
2219,57
2220,39
2221,19
2221,49
2221,92
2221,293
2222,121
2222,172
2222,185
2222,195
2223,30
2224,79
2225,25
2225,48
2226,169
2227,13
2227,19
2228,5
2229,77
2230,209
2231,178
2232,57
2233,57
2234,42
2234,92
2234,165
2234,293
2235,92
2236,87
2236,195
2237,49
2238,19
2238,307
2239,19
2239,307
2240,2
2240,19
2240,25
2240,45
2241,19
2241,30
2241,48
2241,84
2242,25
2243,25
2244,83
2245,261
2246,13
2247,25
2247,45
2248,42
2249,83
2249,169
2249,307
2250,82
2251,5
2251,45
2252,83
2253,83
2254,209
2255,19
2255,172
2256,14
2256,34
2257,45
2258,49
2259,82
2260,49
2261,2
2261,39
2262,49
2263,67
2264,306
2265,19
2266,19
2266,45
2266,72
2267,106
2268,92
2268,172
2268,293
2269,25
2270,47
2271,82
2272,25
2272,172
2273,57
2274,52
2275,67
2276,19
2276,117
2277,19
2278,13
2279,261
2280,261
2281,261
2282,261
2283,19
2284,25
2285,49
2286,49
2287,42
2288,42
2289,261
2290,82
2291,42
2292,78
2293,107
2294,26
2295,25
2296,25
2297,49
2298,39
2298,307
2299,30
2300,13
2300,19
2301,47
2301,225
2302,230
2303,49
2304,117
2305,19
2305,25
2305,172
2306,30
2307,49
2308,42
2309,25
2309,183
2309,185
2309,224
2309,225
2310,49
2311,24
2311,185
2311,293
2312,42
2313,42
2314,13
2315,19
2316,25
2316,172
2317,52
2317,136
2318,97
2319,169
2319,241
2320,160
2321,42
2322,49
2323,25
2324,14
2324,74
2325,209
2326,209
2327,47
2328,13
2329,25
2330,42
2331,82
2332,13
2332,47
2333,27
2334,45
2335,42
2336,79
2337,13
2337,294
2338,42
2339,25
2340,14
2341,13
2342,47
2343,2
2344,49
2345,14
2346,19
2346,26
2346,67
2347,13
2348,42
2349,2
2350,5
2351,25
2352,163
2352,297
2353,13
2353,172
2354,25
2354,172
2355,19
2355,84
2355,172
2356,13
2357,147
2358,42
2359,42
2359,293
2360,33
2361,220
2362,42
2362,128
2363,24
2363,79
2363,263
2364,24
2364,48
2365,13
2366,45
2367,47
2368,19
2368,264
2369,30
2370,42
2371,2
2371,60
2372,42
2373,2
2373,25
2373,225
2374,13
2375,35
2376,30
2376,70
2377,14
2378,209
2379,25
2380,26
2380,185
2381,2
2381,297
2382,19
2383,44
2384,45
2385,79
2386,37
2387,100
2388,49
2388,92
2389,136
2390,19
2390,30
2390,32
2390,84
2391,89
2392,47
2393,49
2394,23
2394,94
2395,45
2396,97
2396,281
2397,47
2398,13
2399,97
2400,30
2401,42
2402,144
2403,30
2403,73
2403,84
2404,45
2405,79
2406,42
2406,236
2407,52
2407,84
2407,199
2408,47
2409,49
2410,67
2411,25
2412,79
2413,13
2414,42
2415,19
2416,45
2417,19
2418,19
2419,49
2419,149
2420,27
2421,45
2421,49
2422,42
2423,5
2424,13
2425,49
2426,97
2427,2
2427,172
2428,47
2429,49
2430,241
2431,24
2432,47
2433,118
2434,136
2435,83
2436,135
2436,221
2437,42
2438,25
2438,172
2438,185
2439,5
2440,42
2441,45
2442,19
2442,68
2442,117
2443,42
2444,209
2445,14
2445,34
2446,5
2447,92
2448,25
2449,57
2450,42
2451,2
2452,118
2453,204
2454,42
2455,163
2456,82
2457,2
2457,5
2457,19
2520,14
2520,34
2457,25
2457,45
2458,28
2459,19
2459,57
2459,172
2460,82
2461,26
2461,45
2462,14
2463,13
2463,37
2463,53
2463,293
2464,2
2464,85
2465,49
2466,210
2467,42
2467,236
2468,45
2469,47
2469,169
2470,47
2470,169
2471,82
2472,47
2473,101
2474,82
2475,42
2476,13
2477,47
2477,307
2478,45
2479,83
2480,2
2481,19
2481,26
2481,119
2482,19
2482,26
2483,25
2484,94
2484,104
2485,45
2486,163
2486,172
2487,2
2487,25
2488,39
2488,100
2489,25
2490,261
2491,163
2492,25
2492,172
2493,2
2493,39
2494,52
2495,2
2496,36
2496,94
2496,267
2497,33
2498,26
2498,172
2499,25
2499,172
2500,2
2501,30
2501,94
2501,97
2501,142
2502,91
2502,173
2504,70
2505,82
2506,33
2506,84
2507,163
2508,5
2508,19
2509,2
2510,49
2511,47
2512,241
2513,144
2514,14
2515,181
2516,83
2517,2
2517,19
2517,25
2517,37
2517,128
2517,143
2518,118
2519,24
2519,37
2519,144
2521,5
2521,45
2521,122
2522,42
2523,35
2524,19
2524,47
2524,169
2525,83
2526,83
2526,225
2527,52
2528,47
2528,169
2529,54
2529,70
2530,49
2530,169
2530,244
2531,42
2532,13
2533,5
2534,12
2535,14
2535,98
2535,104
2535,142
2536,47
2536,293
2537,2
2537,5
2538,47
2539,47
2540,35
2541,83
2542,13
2543,47
2544,27
2545,42
2545,48
2545,118
2545,172
2546,14
2547,25
2547,26
2548,210
2549,172
2549,230
2550,2
2550,19
2550,25
2550,45
2550,293
2551,45
2551,163
2552,83
2553,24
2553,45
2554,79
2555,199
2556,25
2557,25
2557,169
2558,101
2559,42
2560,12
2560,79
2561,83
2562,79
2562,147
2563,30
2563,42
2564,26
2565,163
2566,19
2566,25
2567,13
2567,172
2567,185
2568,26
2569,118
2569,293
2570,5
2570,42
2571,45
2571,48
2572,57
2572,172
2573,57
2573,230
2574,79
2575,12
2575,50
2575,121
2576,39
2576,58
2576,137
2576,172
2577,19
2577,45
2578,19
2578,30
2578,45
2579,13
2579,74
2580,12
2580,19
2580,206
2581,5
2581,19
2581,301
2582,45
2583,30
2583,178
2584,79
2584,293
2585,2
2585,143
2586,5
2586,30
2587,39
2587,59
2588,149
2589,25
2590,2
2590,19
2590,25
2591,49
2591,52
2591,84
2592,2
2592,5
2593,44
2594,57
2594,117
2594,172
2595,19
2595,47
2596,57
2597,230
2598,13
2599,42
2600,172
2600,191
2602,53
2602,172
2603,42
2604,42
2605,83
2606,83
2607,230
2608,57
2610,45
2611,5
2612,57
2612,225
2612,230
2613,5
2614,2
2615,45
2616,2
2616,19
2616,47
2616,143
2617,106
2618,79
2618,172
2618,185
2619,45
2620,34
2620,70
2620,269
2621,45
2621,163
2622,25
2622,65
2622,90
2622,167
2623,100
2624,19
2624,25
2624,263
2624,284
2625,147
2626,49
2626,92
2626,244
2627,79
2627,169
2628,100
2628,225
2628,304
2629,45
2630,26
2630,293
2631,118
2632,57
2633,42
2634,42
2634,136
2635,230
2636,19
2636,30
2636,293
2637,19
2638,57
2639,230
2640,230
2641,25
2641,276
2642,2
2643,19
2643,172
2644,19
2644,49
2645,24
2645,26
2646,2
2647,19
2648,19
2648,57
2648,172
2648,293
2649,19
2649,60
2649,93
2650,26
2651,19
2651,25
2652,25
2653,30
2653,42
2653,94
2654,26
2655,172
2655,195
2656,117
2657,83
2658,27
2658,142
2659,14
2659,34
2660,19
2660,163
2661,94
2662,49
2663,39
2663,183
2663,224
2663,225
2664,217
2665,19
2665,72
2666,2
2666,19
2666,25
2666,45
2667,57
2668,37
2669,45
2670,19
2670,45
2670,68
2671,135
2672,79
2672,172
2672,293
2673,45
2673,172
2674,13
2674,172
2675,13
2676,5
2676,45
2677,25
2677,169
2678,2
2678,42
2679,25
2679,299
2680,79
2680,262
2680,277
2681,14
2681,98
2681,104
2681,142
2682,79
2683,19
2683,27
2684,2
2685,67
2685,157
2686,83
2686,142
2687,92
2688,13
2688,172
2689,92
2690,45
2691,79
2692,49
2693,42
2694,39
2694,137
2695,84
2696,13
2697,45
2698,83
2699,13
2699,122
2699,185
2700,113
2701,42
2701,172
2701,185
2701,236
2701,293
2702,94
2703,24
2704,30
2704,97
2704,142
2705,2
2706,45
2707,87
2707,172
2707,195
2708,5
2709,13
2710,13
2711,25
2711,26
2712,13
2713,42
2713,293
2714,42
2714,224
2714,225
2714,277
2715,57
2716,42
2717,121
2718,121
2719,35
2719,84
2720,30
2721,30
2721,94
2722,144
2723,211
2724,12
2725,13
2725,283
2726,84
2727,13
2727,172
2727,176
2727,225
2728,221
2729,25
2730,12
2731,67
2731,142
2732,42
2733,12
2733,42
2733,172
2733,178
2734,49
2735,2
2736,2
2737,48
2738,2
2739,19
2739,50
2739,120
2739,121
2740,50
2741,26
2741,74
2741,172
2742,30
2742,118
2742,172
2743,13
2744,188
2745,84
2746,19
2746,27
2746,172
2747,79
2747,178
2748,30
2748,42
2749,19
2749,45
2750,83
2751,2
2752,68
2752,172
2753,2
2754,42
2755,24
2755,25
2755,37
2756,117
2757,30
2758,50
2759,19
2759,30
2760,42
2760,236
2761,47
2761,169
2762,57
2762,117
2763,25
2763,163
2763,172
2764,19
2764,45
2765,49
2766,19
2766,33
2767,57
2768,60
2769,50
2769,87
2769,172
2769,195
2770,52
2771,84
2772,83
2773,100
2774,13
2774,19
2774,172
2774,185
2775,131
2776,2
2776,172
2777,39
2778,30
2778,97
2779,12
2780,19
2781,25
2782,19
2782,25
2782,42
2783,26
2783,92
2783,172
2784,13
2784,19
2785,19
2785,30
2786,2
2787,39
2787,234
2788,39
2788,172
2789,57
2789,172
2789,230
2790,57
2791,52
2792,26
2793,25
2793,169
2794,14
2794,267
2795,42
2796,5
2797,5
2797,309
2798,230
2799,24
2800,84
2801,71
2802,39
2802,40
2802,58
2803,57
2804,30
2805,139
2806,84
2807,57
2808,79
2809,2
2809,177
2810,57
2811,19
2811,147
2812,42
2813,12
2813,293
2814,230
2815,27
2816,121
2817,19
2817,45
2818,19
2818,57
2818,172
2819,26
2820,84
2821,30
2822,67
2822,79
2822,277
2822,293
2823,147
2824,39
2824,77
2824,263
2824,293
2825,92
2825,160
2826,13
2827,42
2827,172
2828,84
2829,30
2830,47
2831,47
2832,39
2832,58
2833,52
2834,45
2835,2
2835,19
2835,54
2835,167
2835,170
2836,25
2837,53
2838,5
2838,13
2838,185
2839,2
2840,45
2841,2
2841,25
2841,42
2841,45
2841,170
2841,172
2842,20
2842,144
2843,172
2843,195
2844,62
2845,215
2846,136
2847,19
2847,84
2847,195
2848,42
2848,172
2848,293
2849,2
2849,39
2849,110
2849,305
2850,79
2851,39
2851,42
2851,113
2851,178
2851,183
2851,224
2851,278
2851,280
2852,83
2853,212
2854,42
2855,24
2855,25
2856,45
2856,185
2857,57
2858,47
2859,25
2859,79
2859,277
2860,2
2860,19
2860,25
2861,42
2861,82
2862,13
2862,24
2863,163
2864,19
2864,26
2864,172
2865,2
2866,92
2867,5
2868,42
2869,57
2870,14
2871,2
2871,19
2871,25
2871,42
2872,54
2873,2
2873,185
2873,293
2874,42
2875,19
2875,147
2877,5
2877,185
2878,57
2879,94
2880,19
2880,42
2881,19
2881,49
2881,52
2882,45
2883,230
2884,191
2886,229
2887,2
2887,19
2887,25
2887,42
2888,12
2889,42
2889,185
2890,163
2891,42
2891,169
2892,13
2892,74
2893,26
2893,48
2893,74
2894,30
2895,57
2896,14
2897,19
2897,45
2898,30
2898,42
2899,45
2900,139
2901,100
2902,42
2903,30
2903,84
2904,19
2904,37
2905,106
2906,74
2906,167
2907,2
2907,172
2908,2
2908,19
2908,25
2908,42
2910,45
2911,253
2912,70
2913,79
2913,172
2914,50
2914,68
2915,5
2915,19
2915,30
2915,147
2916,172
2916,230
2917,147
2918,2
2918,19
2918,25
2919,172
2919,230
2920,57
2921,129
2922,30
2922,98
2923,45
2924,2
2924,39
2925,57
2926,83
2927,19
2928,94
2928,181
2929,25
2930,30
2931,49
2933,173
2934,39
2934,292
2935,30
2936,13
2936,19
2936,24
2936,42
2936,172
2937,42
2938,78
2939,12
2939,19
2940,19
2941,59
2942,26
2943,39
2943,59
2944,39
2944,58
2945,39
2945,58
2946,39
2946,58
2947,39
2947,59
2948,39
2949,25
2950,39
2950,40
2950,58
2950,125
2950,151
2950,153
2951,230
2952,58
2952,132
2953,39
2953,125
2953,138
2954,117
2955,117
2956,39
2956,58
2957,230
2958,128
2959,199
2960,57
2960,230
2961,139
2962,39
2962,46
2962,58
2963,42
2963,65
2965,39
2965,58
2966,44
2967,39
2967,137
2968,39
2968,59
2969,315
2970,39
2970,59
2971,39
2971,59
2972,57
2972,230
2973,19
2974,45
2975,212
2976,25
2976,26
2977,45
2978,45
2979,165
2980,2
2981,30
2981,34
2982,84
2982,242
2983,71
2983,225
2984,13
2984,25
2984,157
2985,136
2986,5
2986,45
2986,163
2986,246
2987,2
2987,42
2987,60
2988,52
2988,169
2989,25
2990,25
2990,26
2990,172
2991,5
2992,19
2992,24
2992,25
2992,42
2993,45
2994,160
2995,297
2996,25
2996,26
2997,26
2997,50
2997,79
2997,293
2998,12
2999,100
3000,30
3000,50
3000,97
3000,98
3001,42
3001,45
3001,163
3001,224
3001,240
3002,39
3002,137
3002,288
3003,57
3004,2
3004,84
3005,47
3006,42
3007,24
3007,293
3008,19
3008,45
3008,172
3009,24
3010,19
3010,55
3011,67
3011,276
3012,2
3013,24
3013,172
3013,293
3014,12
3014,178
3015,14
3015,19
3015,68
3015,169
3016,25
3016,27
3017,2
3018,42
3019,8
3020,30
3020,84
3020,170
3021,25
3021,87
3021,167
3021,172
3022,42
3023,5
3024,25
3024,117
3024,167
3025,19
3025,67
3026,42
3026,79
3026,142
3027,13
3027,24
3027,25
3027,48
3027,176
3027,247
3027,260
3028,79
3029,83
3030,45
3030,295
3031,42
3032,79
3032,172
3032,185
3033,163
3034,163
3035,45
3036,42
3036,236
3037,39
3038,79
3039,94
3040,68
3041,94
3042,2
3042,42
3042,84
3043,2
3044,25
3044,48
3044,264
3045,39
3045,58
3046,49
3046,92
3047,27
3047,79
3048,25
3048,293
3049,42
3050,42
3051,25
3051,65
3052,13
3052,172
3053,68
3054,172
3055,181
3056,19
3056,65
3056,94
3056,101
3057,42
3057,65
3057,75
3057,277
3058,42
3059,101
3060,19
3060,106
3061,45
3062,42
3063,5
3063,100
3063,111
3063,144
3064,49
3065,79
3066,117
3066,172
3067,12
3069,12
3070,19
3071,19
3071,45
3072,74
3073,83
3073,172
3073,185
3074,48
3074,185
3075,57
3076,13
3077,2
3077,5
3077,172
3078,13
3078,19
3078,172
3079,19
3080,24
3081,2
3081,185
3081,224
3081,225
3082,14
3082,84
3083,30
3083,84
3084,67
3085,111
3085,122
3086,71
3086,132
3087,30
3088,42
3088,45
3089,167
3089,293
3090,79
3090,293
3091,70
3092,212
3093,24
3094,19
3095,25
3096,42
3097,25
3097,42
3098,2
3098,5
3098,25
3098,45
3099,97
3099,172
3100,2
3101,39
3101,315
3101,245
3102,13
3102,172
3103,42
3103,94
3105,47
3106,13
3107,165
3108,172
3108,201
3109,42
3110,14
3110,19
3110,54
3110,167
3110,170
3110,172
3110,223
3111,13
3111,24
3111,316
3112,12
3113,25
3113,163
3114,42
3115,2
3115,144
3116,14
3116,34
3117,25
3118,5
3118,19
3119,136
3120,42
3121,45
3121,72
3122,24
3122,79
3122,304
3123,62
3124,57
3125,13
3126,13
3126,24
3126,259
3127,45
3127,117
3128,25
3128,42
3128,293
3129,19
3130,59
3131,39
3132,19
3133,30
3134,241
3135,26
3135,293
3136,45
3137,13
3138,13
3139,5
3140,67
3140,79
3140,276
3141,50
3141,62
3142,45
3142,191
3143,42
3144,2
3145,42
3145,109
3145,236
3146,47
3147,42
3148,24
3148,144
3149,57
3150,70
3151,25
3151,75
3152,62
3153,30
3153,79
3154,163
3155,42
3156,19
3157,2
3158,39
3158,58
3158,76
3158,148
3158,172
3159,47
3160,42
3160,225
3161,47
3162,47
3163,42
3163,180
3164,25
3164,48
3164,79
3164,142
3165,84
3166,14
3167,27
3168,39
3169,83
3169,225
3170,45
3171,2
3172,2
3172,133
3172,177
3172,224
3172,225
3172,264
3173,41
3173,54
3173,172
3174,42
3175,2
3175,60
3176,2
3176,177
3176,193
3177,25
3177,172
3177,246
3178,52
3179,45
3179,79
3179,273
3180,54
3181,42
3182,13
3182,172
3183,2
3184,101
3185,48
3185,79
3185,176
3185,185
3186,13
3187,47
3187,79
3187,169
3188,79
3188,128
3188,178
3188,267
3189,83
3189,169
3190,25
3190,45
3190,238
3191,79
3192,65
3192,167
3192,293
3193,5
3194,65
3195,39
3195,224
3196,83
3196,94
3196,118
3197,19
3197,25
3197,45
3198,82
3199,25
3199,167
3200,19
3201,33
3202,39
3202,59
3203,25
3203,45
3204,25
3204,48
3205,79
3205,262
3205,277
3206,26
3206,79
3206,172
3206,225
3207,13
3207,25
3208,5
3208,45
3208,201
3209,54
3209,167
3209,293
3210,26
3210,293
3211,25
3212,13
3212,82
3213,199
3214,42
3214,61
3214,79
3214,128
3214,172
3214,185
3215,74
3216,42
3217,163
3217,172
3217,293
3218,13
3218,68
3219,67
3220,79
3220,183
3220,224
3221,42
3222,13
3223,14
3224,181
3224,302
3225,24
3225,172
3226,49
3227,19
3227,67
3228,79
3229,5
3229,108
3230,25
3230,172
3231,101
3232,14
3232,97
3232,104
3233,2
3233,24
3233,25
3233,42
3233,65
3233,167
3233,172
3233,224
3233,225
3234,170
3235,52
3236,12
3237,13
3237,48
3238,26
3239,14
3240,47
3241,2
3241,126
3242,2
3242,84
3242,111
3243,42
3243,225
3244,42
3244,79
3244,128
3244,178
3245,17
3245,43
3246,2
3246,39
3246,138
3247,84
3248,79
3249,172
3250,42
3251,19
3252,42
3253,47
3255,12
3255,30
3255,67
3255,79
3256,24
3256,37
3256,100
3257,2
3257,25
3257,167
3258,5
3258,42
3258,44
3258,225
3258,286
3259,94
3259,225
3260,13
3260,175
3261,67
3261,79
3261,284
3261,293
3262,30
3263,79
3264,42
3264,300
3265,24
3266,79
3266,163
3267,79
3267,178
3268,78
3269,70
3270,24
3271,19
3271,35
3271,121
3272,71
3272,84
3273,25
3274,45
3275,79
3276,5
3276,45
3276,72
3276,201
3277,52
3278,39
3279,149
3280,39
3280,59
3281,42
3282,39
3282,58
3282,76
3282,178
3283,39
3283,59
3284,39
3284,59
3285,39
3285,137
3286,67
3287,167
3287,170
3288,25
3288,71
3288,250
3289,2
3290,42
3290,136
3291,172
3292,39
3293,39
3294,50
3294,120
3295,24
3296,42
3297,25
3297,42
3298,26
3298,48
3298,74
3299,25
3300,175
3300,293
3301,310
3302,13
3302,42
3302,50
3302,84
3302,259
3303,42
3303,236
3304,2
3304,42
3305,60
3305,198
3306,2
3306,60
3306,84
3307,52
3307,79
3308,79
3309,42
3309,172
3310,14
3310,30
3310,172
3311,36
3311,94
3312,94
3313,79
3314,12
3314,178
3315,25
3315,172
3316,77
3316,110
3317,87
3317,172
3317,195
3317,267
3318,14
3319,293
3320,170
3321,39
3321,185
3322,62
3323,13
3323,187
3324,33
3324,95
3324,101
3325,178
3325,181
3326,79
3327,19
3328,24
3328,25
3328,263
3328,293
3329,45
3329,65
3330,47
3331,25
3331,172
3331,225
3332,25
3332,42
3332,79
3333,275
3334,30
3334,83
3334,172
3334,180
3334,293
3335,39
3335,59
3336,39
3336,59
3337,128
3338,42
3338,75
3339,42
3339,178
3340,39
3341,19
3341,72
3342,39
3342,58
3343,2
3343,177
3344,45
3344,167
3345,39
3345,59
3346,25
3347,42
3347,48
3348,19
3348,67
3348,79
3349,37
3349,172
3349,185
3350,25
3350,172
3350,296
3352,42
3352,79
3352,172
3353,24
3353,48
3353,65
3354,30
3355,30
3356,79
3357,231
3358,45
3359,25
3359,45
3360,2
3360,5
3361,42
3361,236
3362,2
3362,19
3362,25
3362,84
3363,5
3363,139
3364,67
3364,276
3365,25
3365,167
3366,19
3366,30
3366,84
3367,73
3368,25
3369,25
3369,167
3369,172
3369,293
3370,42
3370,293
3371,39
3372,39
3372,94
3373,2
3373,170
3373,172
3374,67
3374,276
3375,42
3375,75
3376,12
3376,13
3376,42
3376,172
3377,39
3377,224
3378,12
3378,42
3378,50
3378,84
3378,87
3378,172
3379,42
3380,19
3380,26
3380,293
3381,2
3381,5
3382,24
3383,84
3383,167
3384,238
3384,298
3385,136
3386,79
3386,128
3386,225
3387,47
3388,19
3388,147
3389,42
3390,2
3390,42
3391,14
3392,42
3392,180
3393,2
3393,177
3394,45
3395,2
3395,25
3396,13
3397,39
3398,42
3399,39
3399,137
3400,137
3401,39
3401,137
3402,42
3402,180
3402,291
3403,25
3403,167
3404,24
3404,42
3405,25
3406,14
3406,36
3407,25
3407,163
3408,67
3408,79
3408,180
3409,19
3410,42
3411,2
3411,24
3412,79
3412,277
3412,293
3413,2
3414,19
3414,167
3414,170
3415,42
3415,65
3416,42
3417,25
3417,67
3417,79
3417,293
3418,42
3419,19
3419,30
3419,84
3420,5
3421,83
3422,30
3423,30
3423,98
3424,25
3424,38
3424,85
3424,100
3425,13
3425,25
3426,117
3427,245
3428,26
3428,79
3428,172
3429,2
3429,19
3429,25
3429,83
3429,118
3429,164
3430,24
3430,288
3431,118
3432,25
3432,45
3432,163
3433,14
3433,30
3433,84
3433,167
3434,67
3435,13
3435,294
3436,5
3436,19
3436,25
3436,149
3437,45
3438,25
3438,79
3438,182
3439,30
3439,34
3439,84
3440,45
3440,65
3440,163
3440,240
3440,272
3441,2
3441,5
3442,19
3442,26
3442,74
3443,2
3444,49
3445,42
3445,173
3446,2
3446,39
3447,163
3448,2
3448,19
3448,25
3448,45
3449,139
3450,39
3450,58
3451,58
3451,132
3452,42
3452,178
3452,235
3453,33
3453,45
3454,2
3454,45
3455,79
3456,62
3457,2
3457,5
3458,2
3458,60
3459,42
3459,94
3460,39
3461,19
3461,33
3462,79
3463,2
3464,144
3465,2
3465,5
3465,84
3466,71
3467,14
3468,79
3468,293
3469,39
3469,58
3469,137
3470,39
3470,58
3470,76
3471,39
3472,2
3472,39
3472,58
3472,60
3472,258
3473,22
3473,39
3473,76
3473,77
3473,182
3473,183
3473,192
3473,224
3474,25
3474,67
3475,30
3475,34
3475,84
3476,167
3476,293
3477,83
3478,245
3479,36
3479,94
3480,25
3480,172
3481,42
3481,178
3482,25
3483,25
3484,19
3484,24
3484,65
3484,293
3485,19
3485,172
3486,42
3487,39
3488,75
3489,19
3490,229
3491,132
3491,180
3492,57
3492,172
3492,179
3492,180
3493,25
3493,48
3494,39
3495,42
3495,293
3496,5
3496,19
3496,30
3497,25
3497,27
3497,67
3497,284
3498,14
3498,84
3499,12
3500,39
3500,59
3501,25
3502,52
3502,214
3503,226
3503,240
3504,19
3505,101
3506,71
3506,79
3507,39
3507,59
3508,39
3508,128
3509,117
3510,232
3511,65
3511,172
3512,2
3512,19
3512,25
3512,45
3513,47
3514,39
3514,76
3515,132
3516,30
3516,94
3516,104
3516,142
3517,26
3517,50
3518,2
3518,13
3518,24
3518,61
3519,25
3520,236
3521,42
3521,43
3522,78
3523,34
3523,157
3523,167
3523,235
3523,293
3524,19
3525,39
3525,58
3525,137
3526,2
3527,14
3527,34
3527,172
3528,34
3529,104
3529,142
3530,16
3531,39
3531,58
3532,169
3532,275
3533,58
3534,49
3535,25
3535,48
3536,25
3536,293
3536,296
3537,45
3537,201
3538,42
3538,47
3538,169
3538,172
3539,25
3539,262
3539,277
3540,13
3540,25
3541,79
3542,39
3542,58
3542,137
3543,13
3543,25
3543,293
3544,49
3545,25
3545,26
3545,172
3546,136
3547,19
3547,293
3548,5
3549,5
3550,83
3550,225
3551,24
3551,79
3551,293
3552,142
3552,167
3553,34
3554,2
3554,84
3554,167
3555,139
3556,26
3556,293
3557,60
3558,14
3559,27
3559,42
3560,13
3560,316
3561,25
3561,172
3562,2
3562,19
3562,25
3562,30
3562,60
3563,2
3564,13
3565,2
3565,48
3566,144
3567,14
3568,25
3568,163
3568,267
3569,42
3569,180
3570,268
3571,115
3571,148
3571,180
3572,128
3573,26
3573,167
3574,2
3574,39
3574,144
3574,172
3574,249
3575,25
3576,25
3576,293
3576,246
3577,13
3577,143
3577,172
3577,254
3578,2
3578,42
3578,167
3579,39
3579,83
3579,167
3580,144
3581,19
3581,24
3581,26
3581,293
3581,304
3582,2
3583,39
3583,143
3584,14
3584,94
3585,279
3586,144
3587,13
3588,241
3589,19
3589,47
3590,2
3590,39
3591,96
3592,25
3593,2
3593,19
3593,25
3593,60
3594,42
3594,178
3594,181
3595,2
3595,75
3595,79
3596,2
3597,5
3598,50
3598,67
3598,79
3598,180
3599,19
3599,57
3599,84
3599,117
3600,13
3600,19
3600,282
3601,39
3601,64
3601,313
3602,42
3602,79
3602,172
3603,79
3604,47
3605,30
3605,159
3606,48
3606,84
3607,5
3607,19
3607,60
3607,149
3607,194
3608,2
3608,12
3608,30
3608,42
3609,2
3610,5
3610,45
3610,100
3610,111
3611,2
3611,5
3612,2
3612,60
3613,175
3614,13
3614,67
3615,25
3617,65
3618,25
3619,42
3619,293
3621,52
3622,57
3623,42
3624,14
3624,34
3625,13
3625,74
3625,175
3625,239
3626,12
3626,25
3626,42
3627,60
3627,198
3628,190
3629,13
3629,65
3629,84
3630,45
3631,227
3632,24
3632,172
3633,2
3634,175
3635,172
3636,79
3637,34
3637,84
3638,2
3638,19
3638,25
3639,42
3640,26
3640,172
3640,240
3641,79
3641,172
3642,13
3643,42
3644,39
3644,59
3645,19
3646,45
3646,72
3647,67
3648,77
3648,110
3648,196
3649,42
3652,2
3652,5
3652,84
3653,13
3654,42
3655,14
3656,14
3657,26
3657,48
3657,74
3658,2
3658,19
3658,25
3659,42
3659,79
3659,84
3660,13
3660,26
3660,172
3661,39
3662,17
3662,43
3662,170
3663,25
3664,19
3664,57
3664,65
3664,174
3665,163
3666,110
3667,19
3668,79
3668,128
3669,25
3670,25
3670,185
3671,2
3671,111
3672,25
3673,71
3674,25
3674,293
3675,25
3676,45
3677,24
3677,26
3678,19
3678,30
3679,79
3680,13
3680,74
3680,239
3680,259
3681,52
3681,219
3682,83
3683,2
3683,42
3684,14
3684,30
3684,42
3685,74
3685,189
3686,27
3687,25
3687,172
3688,13
3689,2
3690,57
3690,172
3691,2
3691,24
3693,185
3694,19
3694,42
3694,60
3695,14
3695,34
3696,39
3696,58
3696,76
3697,19
3697,45
3698,25
3699,78
3700,49
3700,149
3701,72
3701,143
3702,39
3702,110
3703,144
3704,2
3704,5
3705,226
3706,84
3707,39
3708,39
3709,5
3710,65
3710,117
3711,87
3712,39
3712,58
3712,99
3712,148
3712,166
3712,286
3713,42
3713,118
3714,75
3714,83
3715,42
3715,265
3716,101
3717,2
3717,45
3717,167
3717,301
3718,34
3719,24
3719,26
3720,2
3720,143
3721,24
3722,112
3723,19
3723,42
3723,79
3723,128
3724,79
3724,277
3725,144
3726,65
3726,293
3727,52
3727,158
3728,30
3728,34
3728,70
3729,30
3729,84
3730,45
3731,2
3731,60
3732,293
3733,167
3734,19
3734,25
3734,65
3734,127
3735,30
3736,121
3737,94
3737,104
3738,42
3739,45
3739,57
3740,84
3741,24
3741,85
3742,42
3743,5
3744,13
3744,285
3744,287
3744,289
3744,252
3745,30
3745,34
3746,2
3746,42
3747,14
3747,42
3747,104
3748,143
3749,42
3749,67
3749,75
3749,79
3749,277
3750,30
3750,42
3750,84
3751,19
3752,163
3753,19
3753,172
3754,75
3754,77
3755,47
3756,5
3757,36
3757,94
3757,104
3758,5
3758,30
3758,84
3759,2
3759,5
3759,25
3759,172
3760,2
3760,42
3761,24
3762,12
3763,42
3764,42
3765,13
3766,85
3766,143
3767,162
3768,5
3768,19
3768,170
3769,71
3769,101
3770,30
3770,65
3770,172
3770,293
3771,13
3772,5
3773,42
3774,39
3775,79
3776,45
3776,175
3777,245
3778,39
3778,59
3779,39
3779,58
3779,76
3779,137
3780,39
3780,60
3780,137
3782,79
3783,26
3783,42
3783,172
3783,293
3784,30
3784,34
3784,84
3785,2
3785,19
3785,25
3786,25
3787,12
3789,79
3790,42
3791,30
3792,240
3792,312
3793,11
3793,37
3794,2
3795,25
3795,45
3795,48
3796,25
3796,42
3797,2
3797,19
3797,25
3797,26
3797,45
3797,178
3798,2
3798,39
3799,2
3799,5
3799,100
3799,172
3799,185
3799,293
3800,42
3801,144
3802,30
3802,60
3802,84
3803,2
3803,5
3803,19
3803,25
3803,45
3803,60
3804,13
3804,19
3804,25
3804,172
3804,270
3805,39
3805,101
3805,172
3805,180
3806,185
3806,219
3807,17
3807,49
3807,160
3808,13
3808,285
3808,287
3808,289
3808,252
3809,13
3809,277
3810,79
3811,79
3812,42
3813,52
3813,94
3814,163
3815,60
3815,136
3816,84
3817,42
3817,65
3817,277
3818,2
3819,2
3819,19
3819,24
3819,25
3820,132
3820,180
3821,5
3822,245
3823,68
3823,175
3823,293
3824,70
3824,84
3825,2
3825,19
3825,25
3825,30
3825,42
3826,19
3826,92
3826,117
3827,13
3827,24
3828,19
3828,45
3828,240
3828,312
3829,5
3829,84
3830,167
3832,5
3833,30
3833,42
3833,76
3833,180
3834,19
3834,49
3834,60
3835,27
3835,42
3836,241
3837,26
3838,65
3838,178
3838,293
3838,243
3839,42
3839,79
3840,42
3840,180
3841,25
3841,167
3841,170
3843,45
3843,136
3843,149
3844,33
3845,19
3846,45
3847,19
3847,30
3848,67
3849,2
3850,84
3851,30
3851,42
3851,84
3852,93
3853,42
3854,42
3854,293
3855,42
3856,2
3856,51
3856,71
3856,250
3857,19
3857,48
3857,293
3858,2
3858,172
3859,189
3860,25
3860,48
3861,25
3862,42
3862,94
3863,13
3864,42
3865,14
3866,2
3866,60
3867,2
3868,25
3869,26
3870,19
3870,45
3871,42
3871,79
3872,39
3872,58
3873,30
3874,2
3875,275
3876,2
3877,14
3878,2
3878,42
3879,24
3879,25
3880,167
3881,2
3881,172
3882,162
3883,84
3883,107
3884,128
3885,57
3886,30
3886,62
3887,39
3888,39
3888,293
3889,148
3890,30
3891,297
3892,42
3895,49
3895,160
3896,298
